{"big-q-gauss-n100-tau-5": {"3": [5.0, 100], "4": [1.0, 100], "5": [5.0, 100], "6": [1.0, 100], "7": [5.0, 100], "8": [1.02, 100], "9": [5.0, 100], "10": [3.36, 100], "11": [5.0, 100], "12": [5.0, 100], "13": [5.0, 100], "14": [5.0, 100], "15": [5.0, 100], "16": [5.0, 100], "17": [5.0, 100], "18": [5.0, 100], "19": [5.0, 100], "20": [5.0, 100], "21": [5.0, 100], "22": [5.0, 100], "23": [5.0, 100], "24": [5.0, 100], "25": [5.0, 100], "26": [5.0, 100], "27": [5.0, 100], "28": [5.0, 100], "29": [5.0, 100], "30": [5.0, 100], "31": [5.0, 100], "32": [5.0, 100], "33": [5.0, 100], "34": [5.0, 100], "35": [5.0, 100], "36": [5.0, 100], "37": [5.0, 100], "38": [5.0, 100], "39": [5.0, 100], "40": [5.0, 100], "41": [5.0, 100], "42": [5.0, 100], "43": [5.0, 100], "44": [5.0, 100], "45": [5.0, 100], "46": [5.0, 100], "47": [5.0, 99], "48": [5.0, 98], "49": [5.0, 97], "50": [5.0, 95], "51": [5.0, 93], "52": [5.0, 92], "53": [5.0, 85], "54": [5.0, 78], "55": [5.0, 71], "56": [5.0, 65], "57": [5.0, 50], "58": [5.0, 37], "59": [5.0, 33], "60": [5.0, 19], "61": [5.0, 11], "62": [5.0, 8], "63": [5.0, 2], "64": [5.0, 1], "65": [5.0, 1]}, "big-q-gauss-n100-tau-10": {"3": [10.0, 100], "4": [1.0, 100], "5": [10.0, 100], "6": [1.01, 100], "7": [10.0, 100], "8": [1.02, 100], "9": [10.0, 100], "10": [2.48, 100], "11": [10.0, 100], "12": [8.72, 100], "13": [10.0, 100], "14": [9.9, 100], "15": [10.0, 100], "16": [9.8, 100], "17": [10.0, 100], "18": [8.68, 100], "19": [10.0, 100], "20": [8.36, 100], "21": [10.0, 100], "22": [10.0, 100], "23": [10.0, 100], "24": [10.0, 100], "25": [10.0, 100], "26": [10.0, 100], "27": [9.99, 100], "28": [9.74, 100], "29": [9.96, 100], "30": [10.0, 100], "31": [8.65, 100], "32": [9.75, 100], "33": [7.64, 100], "34": [9.57, 100], "35": [8.34, 100], "36": [8.06, 100], "37": [8.6, 100], "38": [8.06, 100], "39": [9.26, 100], "40": [8.97, 100], "41": [9.69, 100], "42": [9.82, 100], "43": [9.54, 100], "44": [9.09, 100], "45": [9.89, 100], "46": [10.0, 100], "47": [10.0, 100], "48": [9.87, 100], "49": [10.0, 100], "50": [9.840425531914894, 94], "51": [9.955056179775282, 89], "52": [9.901234567901234, 81], "53": [9.985915492957746, 71], "54": [9.870967741935484, 62], "55": [9.979166666666666, 48], "56": [9.972972972972974, 37], "57": [10.0, 19], "58": [9.3125, 16], "59": [10.0, 13], "60": [9.75, 4], "61": [10.0, 4]}, "big-q-gauss-n100-tau-15": {"3": [15.0, 100], "4": [1.0, 100], "5": [15.0, 100], "6": [1.0, 100], "7": [15.0, 100], "8": [1.01, 100], "9": [15.0, 100], "10": [1.89, 100], "11": [15.0, 100], "12": [6.08, 100], "13": [15.0, 100], "14": [8.86, 100], "15": [15.0, 100], "16": [9.99, 100], "17": [15.0, 100], "18": [7.23, 100], "19": [15.0, 100], "20": [7.47, 100], "21": [15.0, 100], "22": [15.0, 100], "23": [15.0, 100], "24": [14.95, 100], "25": [14.13, 100], "26": [14.32, 100], "27": [13.09, 100], "28": [13.16, 100], "29": [12.22, 100], "30": [14.72, 100], "31": [8.71, 100], "32": [14.11, 100], "33": [6.85, 100], "34": [11.78, 100], "35": [8.04, 100], "36": [7.99, 100], "37": [8.96, 100], "38": [10.1, 100], "39": [10.79, 100], "40": [10.97, 100], "41": [12.99, 100], "42": [13.85, 100], "43": [12.75, 100], "44": [11.38, 100], "45": [13.84, 100], "46": [14.97, 100], "47": [14.9, 100], "48": [13.13265306122449, 98], "49": [14.645833333333334, 96], "50": [13.075268817204302, 93], "51": [14.047058823529412, 85], "52": [13.520547945205479, 73], "53": [14.548387096774194, 62], "54": [13.666666666666666, 51], "55": [14.175, 40], "56": [13.709677419354838, 31], "57": [14.95, 20], "58": [8.923076923076923, 13], "59": [15.0, 11], "60": [13.333333333333334, 3], "61": [15.0, 2]}, "big-q-gauss-n100-tau-20": {"3": [20.0, 100], "4": [1.0, 100], "5": [20.0, 100], "6": [1.01, 100], "7": [20.0, 100], "8": [1.01, 100], "9": [20.0, 100], "10": [1.62, 100], "11": [20.0, 100], "12": [4.69, 100], "13": [20.0, 100], "14": [6.43, 100], "15": [20.0, 100], "16": [6.4, 100], "17": [20.0, 100], "18": [5.45, 100], "19": [20.0, 100], "20": [5.94, 100], "21": [20.0, 100], "22": [20.0, 100], "23": [19.54, 100], "24": [18.09, 100], "25": [13.65, 100], "26": [16.68, 100], "27": [11.96, 100], "28": [14.17, 100], "29": [10.53, 100], "30": [19.58, 100], "31": [8.49, 100], "32": [16.66, 100], "33": [6.75, 100], "34": [12.99, 100], "35": [7.57, 100], "36": [7.38, 100], "37": [9.15, 100], "38": [9.24, 100], "39": [11.35, 100], "40": [11.94, 100], "41": [14.46, 100], "42": [15.99, 100], "43": [14.4, 100], "44": [11.59, 100], "45": [16.48, 100], "46": [18.8989898989899, 99], "47": [18.928571428571427, 98], "48": [14.91578947368421, 95], "49": [17.369565217391305, 92], "50": [15.857142857142858, 84], "51": [16.324675324675326, 77], "52": [16.1, 70], "53": [17.46551724137931, 58], "54": [15.622222222222222, 45], "55": [15.35135135135135, 37], "56": [16.774193548387096, 31], "57": [17.85, 20], "58": [14.461538461538462, 13], "59": [17.285714285714285, 7], "60": [17.75, 4], "61": [15.5, 2], "62": [14.0, 1]}}