{"big-q-gauss-n100-tau-15": {"3": [15.0, 100], "4": [1.0, 100], "5": [15.0, 100], "6": [1.0, 100], "7": [15.0, 100], "8": [1.01, 100], "9": [15.0, 100], "10": [1.89, 100], "11": [15.0, 100], "12": [6.08, 100], "13": [15.0, 100], "14": [8.86, 100], "15": [15.0, 100], "16": [9.99, 100], "17": [15.0, 100], "18": [7.23, 100], "19": [15.0, 100], "20": [7.47, 100], "21": [15.0, 100], "22": [15.0, 100], "23": [15.0, 100], "24": [14.95, 100], "25": [14.13, 100], "26": [14.32, 100], "27": [13.09, 100], "28": [13.16, 100], "29": [12.22, 100], "30": [14.72, 100], "31": [8.71, 100], "32": [14.11, 100], "33": [6.85, 100], "34": [11.78, 100], "35": [8.04, 100], "36": [7.99, 100], "37": [8.96, 100], "38": [10.1, 100], "39": [10.79, 100], "40": [10.97, 100], "41": [12.99, 100], "42": [13.85, 100], "43": [12.75, 100], "44": [11.38, 100], "45": [13.84, 100], "46": [14.97, 100], "47": [14.9, 100], "48": [13.13265306122449, 98], "49": [14.645833333333334, 96], "50": [13.075268817204302, 93], "51": [14.047058823529412, 85], "52": [13.520547945205479, 73], "53": [14.548387096774194, 62], "54": [13.666666666666666, 51], "55": [14.175, 40], "56": [13.709677419354838, 31], "57": [14.95, 20], "58": [8.923076923076923, 13], "59": [15.0, 11], "60": [13.333333333333334, 3], "61": [15.0, 2]}}