{"big-q-gauss-n100-tau-10": {"3": [10.0, 100], "4": [1.0, 100], "5": [10.0, 100], "6": [1.01, 100], "7": [10.0, 100], "8": [1.02, 100], "9": [10.0, 100], "10": [2.48, 100], "11": [10.0, 100], "12": [8.72, 100], "13": [10.0, 100], "14": [9.9, 100], "15": [10.0, 100], "16": [9.8, 100], "17": [10.0, 100], "18": [8.68, 100], "19": [10.0, 100], "20": [8.36, 100], "21": [10.0, 100], "22": [10.0, 100], "23": [10.0, 100], "24": [10.0, 100], "25": [10.0, 100], "26": [10.0, 100], "27": [9.99, 100], "28": [9.74, 100], "29": [9.96, 100], "30": [10.0, 100], "31": [8.65, 100], "32": [9.75, 100], "33": [7.64, 100], "34": [9.57, 100], "35": [8.34, 100], "36": [8.06, 100], "37": [8.6, 100], "38": [8.06, 100], "39": [9.26, 100], "40": [8.97, 100], "41": [9.69, 100], "42": [9.82, 100], "43": [9.54, 100], "44": [9.09, 100], "45": [9.89, 100], "46": [10.0, 100], "47": [10.0, 100], "48": [9.87, 100], "49": [10.0, 100], "50": [9.840425531914894, 94], "51": [9.955056179775282, 89], "52": [9.901234567901234, 81], "53": [9.985915492957746, 71], "54": [9.870967741935484, 62], "55": [9.979166666666666, 48], "56": [9.972972972972974, 37], "57": [10.0, 19], "58": [9.3125, 16], "59": [10.0, 13], "60": [9.75, 4], "61": [10.0, 4]}}