{"big-q-gauss-n100-tau-20": {"3": [20.0, 100], "4": [1.0, 100], "5": [20.0, 100], "6": [1.01, 100], "7": [20.0, 100], "8": [1.01, 100], "9": [20.0, 100], "10": [1.62, 100], "11": [20.0, 100], "12": [4.69, 100], "13": [20.0, 100], "14": [6.43, 100], "15": [20.0, 100], "16": [6.4, 100], "17": [20.0, 100], "18": [5.45, 100], "19": [20.0, 100], "20": [5.94, 100], "21": [20.0, 100], "22": [20.0, 100], "23": [19.54, 100], "24": [18.09, 100], "25": [13.65, 100], "26": [16.68, 100], "27": [11.96, 100], "28": [14.17, 100], "29": [10.53, 100], "30": [19.58, 100], "31": [8.49, 100], "32": [16.66, 100], "33": [6.75, 100], "34": [12.99, 100], "35": [7.57, 100], "36": [7.38, 100], "37": [9.15, 100], "38": [9.24, 100], "39": [11.35, 100], "40": [11.94, 100], "41": [14.46, 100], "42": [15.99, 100], "43": [14.4, 100], "44": [11.59, 100], "45": [16.48, 100], "46": [18.8989898989899, 99], "47": [18.928571428571427, 98], "48": [14.91578947368421, 95], "49": [17.369565217391305, 92], "50": [15.857142857142858, 84], "51": [16.324675324675326, 77], "52": [16.1, 70], "53": [17.46551724137931, 58], "54": [15.622222222222222, 45], "55": [15.35135135135135, 37], "56": [16.774193548387096, 31], "57": [17.85, 20], "58": [14.461538461538462, 13], "59": [17.285714285714285, 7], "60": [17.75, 4], "61": [15.5, 2], "62": [14.0, 1]}}