{"small-bg-n100-tau-5": {"3": [5.0, 98], "4": [1.0, 98], "5": [5.0, 98], "6": [1.0, 98], "7": [5.0, 98], "8": [1.0, 98], "9": [5.0, 98], "10": [2.336734693877551, 98], "11": [5.0, 98], "12": [4.969387755102041, 98], "13": [5.0, 98], "14": [5.0, 98], "15": [5.0, 98], "16": [5.0, 98], "17": [5.0, 98], "18": [4.948979591836735, 98], "19": [5.0, 98], "20": [4.989795918367347, 98], "21": [5.0, 98], "22": [5.0, 98], "23": [5.0, 98], "24": [5.0, 98], "25": [5.0, 98], "26": [5.0, 98], "27": [5.0, 98], "28": [5.0, 98], "29": [5.0, 98], "30": [5.0, 98], "31": [5.0, 98], "32": [5.0, 98], "33": [5.0, 98], "34": [5.0, 98], "35": [5.0, 98], "36": [5.0, 98], "37": [5.0, 98], "38": [5.0, 98], "39": [5.0, 98], "40": [5.0, 98], "41": [5.0, 98], "42": [5.0, 98], "43": [5.0, 98], "44": [5.0, 98], "45": [5.0, 98], "46": [5.0, 97], "47": [5.0, 97], "48": [5.0, 97], "49": [5.0, 96], "50": [5.0, 93], "51": [5.0, 88], "52": [5.0, 81], "53": [5.0, 69], "54": [5.0, 47], "55": [5.0, 38], "56": [5.0, 28], "57": [5.0, 21], "58": [5.0, 11], "60": [5.0, 2], "59": [5.0, 3]}}