{"small-bg-n100-tau-10": {"3": [10.0, 93], "4": [1.0, 93], "5": [10.0, 93], "6": [1.0, 93], "7": [10.0, 93], "8": [1.010752688172043, 93], "9": [10.0, 93], "10": [1.6666666666666667, 93], "11": [10.0, 93], "12": [5.344086021505376, 93], "13": [10.0, 93], "14": [7.247311827956989, 93], "15": [10.0, 93], "16": [8.03225806451613, 93], "17": [10.0, 93], "18": [6.397849462365591, 93], "19": [10.0, 93], "20": [6.43010752688172, 93], "21": [10.0, 93], "22": [10.0, 93], "23": [10.0, 93], "24": [9.946236559139784, 93], "25": [9.935483870967742, 93], "26": [9.86021505376344, 93], "27": [9.709677419354838, 93], "28": [9.46236559139785, 93], "29": [9.290322580645162, 93], "30": [9.956989247311828, 93], "31": [7.903225806451613, 93], "32": [9.397849462365592, 93], "33": [7.311827956989247, 93], "34": [9.387096774193548, 93], "35": [7.860215053763441, 93], "36": [7.827956989247312, 93], "37": [8.290322580645162, 93], "38": [8.32258064516129, 93], "39": [8.913978494623656, 93], "40": [9.043010752688172, 93], "41": [9.53763440860215, 93], "42": [9.698924731182796, 93], "43": [9.33695652173913, 92], "44": [9.032608695652174, 92], "45": [9.815217391304348, 92], "46": [10.0, 92], "47": [10.0, 91], "48": [9.6, 90], "49": [9.965116279069768, 86], "50": [9.925, 80], "51": [9.865671641791044, 67], "52": [9.722222222222221, 54], "60": [10.0, 7], "53": [9.976190476190476, 42], "54": [9.777777777777779, 27], "55": [9.9375, 16], "56": [9.363636363636363, 11], "57": [10.0, 9], "58": [10.0, 3]}}