{"small-bg-n100-tau-1": {"3": [1.0, 99], "4": [1.0, 99], "5": [1.0, 99], "6": [1.0, 99], "7": [1.0, 99], "8": [1.0, 99], "9": [1.0, 99], "10": [1.0, 99], "11": [1.0, 99], "12": [1.0, 99], "13": [1.0, 99], "14": [1.0, 99], "15": [1.0, 99], "16": [1.0, 99], "17": [1.0, 99], "18": [1.0, 99], "19": [1.0, 99], "20": [1.0, 99], "21": [1.0, 99], "22": [1.0, 99], "23": [1.0, 99], "24": [1.0, 99], "25": [1.0, 99], "26": [1.0, 99], "27": [1.0, 99], "28": [1.0, 99], "29": [1.0, 99], "30": [1.0, 99], "31": [1.0, 99], "32": [1.0, 99], "33": [1.0, 99], "34": [1.0, 99], "35": [1.0, 99], "36": [1.0, 99], "37": [1.0, 99], "38": [1.0, 99], "39": [1.0, 99], "40": [1.0, 99], "41": [1.0, 99], "42": [1.0, 99], "43": [1.0, 99], "44": [1.0, 99], "45": [1.0, 99], "46": [1.0, 99], "47": [1.0, 99], "48": [1.0, 99], "49": [1.0, 99], "50": [1.0, 99], "51": [1.0, 99], "52": [1.0, 99], "53": [1.0, 97], "54": [1.0, 94], "55": [1.0, 92], "56": [1.0, 88], "57": [1.0, 81], "58": [1.0, 71], "59": [1.0, 63], "60": [1.0, 56], "61": [1.0, 40], "62": [1.0, 23], "63": [1.0, 14], "64": [1.0, 9], "65": [1.0, 7], "66": [1.0, 3], "67": [1.0, 1], "68": [1.0, 1]}, "small-bg-n100-tau-5": {"3": [5.0, 98], "4": [1.0, 98], "5": [5.0, 98], "6": [1.0, 98], "7": [5.0, 98], "8": [1.0, 98], "9": [5.0, 98], "10": [2.336734693877551, 98], "11": [5.0, 98], "12": [4.969387755102041, 98], "13": [5.0, 98], "14": [5.0, 98], "15": [5.0, 98], "16": [5.0, 98], "17": [5.0, 98], "18": [4.948979591836735, 98], "19": [5.0, 98], "20": [4.989795918367347, 98], "21": [5.0, 98], "22": [5.0, 98], "23": [5.0, 98], "24": [5.0, 98], "25": [5.0, 98], "26": [5.0, 98], "27": [5.0, 98], "28": [5.0, 98], "29": [5.0, 98], "30": [5.0, 98], "31": [5.0, 98], "32": [5.0, 98], "33": [5.0, 98], "34": [5.0, 98], "35": [5.0, 98], "36": [5.0, 98], "37": [5.0, 98], "38": [5.0, 98], "39": [5.0, 98], "40": [5.0, 98], "41": [5.0, 98], "42": [5.0, 98], "43": [5.0, 98], "44": [5.0, 98], "45": [5.0, 98], "46": [5.0, 97], "47": [5.0, 97], "48": [5.0, 97], "49": [5.0, 96], "50": [5.0, 93], "51": [5.0, 88], "52": [5.0, 81], "53": [5.0, 69], "54": [5.0, 47], "55": [5.0, 38], "56": [5.0, 28], "57": [5.0, 21], "58": [5.0, 11], "60": [5.0, 2], "59": [5.0, 3]}, "small-bg-n100-tau-10": {"3": [10.0, 93], "4": [1.0, 93], "5": [10.0, 93], "6": [1.0, 93], "7": [10.0, 93], "8": [1.010752688172043, 93], "9": [10.0, 93], "10": [1.6666666666666667, 93], "11": [10.0, 93], "12": [5.344086021505376, 93], "13": [10.0, 93], "14": [7.247311827956989, 93], "15": [10.0, 93], "16": [8.03225806451613, 93], "17": [10.0, 93], "18": [6.397849462365591, 93], "19": [10.0, 93], "20": [6.43010752688172, 93], "21": [10.0, 93], "22": [10.0, 93], "23": [10.0, 93], "24": [9.946236559139784, 93], "25": [9.935483870967742, 93], "26": [9.86021505376344, 93], "27": [9.709677419354838, 93], "28": [9.46236559139785, 93], "29": [9.290322580645162, 93], "30": [9.956989247311828, 93], "31": [7.903225806451613, 93], "32": [9.397849462365592, 93], "33": [7.311827956989247, 93], "34": [9.387096774193548, 93], "35": [7.860215053763441, 93], "36": [7.827956989247312, 93], "37": [8.290322580645162, 93], "38": [8.32258064516129, 93], "39": [8.913978494623656, 93], "40": [9.043010752688172, 93], "41": [9.53763440860215, 93], "42": [9.698924731182796, 93], "43": [9.33695652173913, 92], "44": [9.032608695652174, 92], "45": [9.815217391304348, 92], "46": [10.0, 92], "47": [10.0, 91], "48": [9.6, 90], "49": [9.965116279069768, 86], "50": [9.925, 80], "51": [9.865671641791044, 67], "52": [9.722222222222221, 54], "60": [10.0, 7], "53": [9.976190476190476, 42], "54": [9.777777777777779, 27], "55": [9.9375, 16], "56": [9.363636363636363, 11], "57": [10.0, 9], "58": [10.0, 3]}, "small-bg-n100-tau-15": {"3": [15.0, 88], "4": [1.0, 88], "5": [15.0, 88], "6": [1.0, 88], "7": [15.0, 88], "8": [1.0, 88], "9": [15.0, 88], "10": [1.3068181818181819, 88], "11": [15.0, 88], "12": [4.0, 88], "13": [15.0, 88], "14": [5.011363636363637, 88], "15": [15.0, 88], "16": [5.136363636363637, 88], "17": [15.0, 88], "18": [5.3977272727272725, 88], "19": [15.0, 88], "20": [5.590909090909091, 88], "21": [15.0, 88], "22": [14.943181818181818, 88], "23": [14.704545454545455, 88], "24": [14.011363636363637, 88], "25": [11.863636363636363, 88], "26": [12.25, 88], "27": [11.045454545454545, 88], "28": [12.238636363636363, 88], "29": [10.465909090909092, 88], "30": [14.738636363636363, 88], "31": [8.761363636363637, 88], "32": [13.625, 88], "33": [6.8522727272727275, 88], "34": [11.306818181818182, 88], "35": [8.159090909090908, 88], "36": [8.340909090909092, 88], "37": [8.670454545454545, 88], "38": [9.681818181818182, 88], "39": [11.011363636363637, 88], "40": [10.352272727272727, 88], "41": [13.068181818181818, 88], "42": [13.511363636363637, 88], "43": [11.886363636363637, 88], "44": [11.306818181818182, 88], "45": [13.091954022988507, 87], "46": [14.666666666666666, 87], "47": [14.710843373493976, 83], "48": [12.291139240506329, 79], "49": [14.12, 75], "50": [13.159420289855072, 69], "51": [13.8, 55], "52": [12.755555555555556, 45], "53": [14.472222222222221, 36], "54": [13.857142857142858, 21], "55": [13.25, 12], "60": [15.0, 12], "56": [14.875, 8], "57": [15.0, 3]}, "small-bg-n100-tau-20": {"3": [19.989247311827956, 93], "4": [1.0, 93], "5": [20.0, 93], "6": [1.0, 93], "7": [20.0, 93], "8": [1.0, 93], "9": [20.0, 93], "10": [1.2150537634408602, 93], "11": [20.0, 93], "12": [3.161290322580645, 93], "13": [20.0, 93], "14": [3.903225806451613, 93], "15": [20.0, 93], "16": [4.311827956989247, 93], "17": [20.0, 93], "18": [4.225806451612903, 93], "19": [20.0, 93], "20": [4.946236559139785, 93], "21": [19.881720430107528, 93], "22": [19.516129032258064, 93], "23": [17.06451612903226, 93], "24": [13.408602150537634, 93], "25": [10.387096774193548, 93], "26": [12.096774193548388, 93], "27": [10.344086021505376, 93], "28": [12.602150537634408, 93], "29": [8.946236559139784, 93], "30": [19.29032258064516, 93], "31": [7.978494623655914, 93], "32": [15.290322580645162, 93], "33": [6.763440860215054, 93], "34": [12.408602150537634, 93], "35": [7.956989247311828, 93], "36": [7.881720430107527, 93], "37": [9.64516129032258, 93], "38": [10.064516129032258, 93], "39": [13.096774193548388, 93], "40": [10.870967741935484, 93], "41": [13.666666666666666, 93], "42": [15.118279569892474, 93], "43": [12.419354838709678, 93], "44": [11.870967741935484, 93], "45": [15.483516483516484, 91], "46": [17.945054945054945, 91], "47": [18.122222222222224, 90], "48": [14.205128205128204, 78], "49": [17.17142857142857, 70], "50": [13.741379310344827, 58], "51": [17.229166666666668, 48], "52": [15.157894736842104, 38], "53": [16.09375, 32], "54": [16.31578947368421, 19], "55": [17.125, 8], "60": [20.0, 7]}}