{"small-bg-n100-tau-15": {"3": [15.0, 88], "4": [1.0, 88], "5": [15.0, 88], "6": [1.0, 88], "7": [15.0, 88], "8": [1.0, 88], "9": [15.0, 88], "10": [1.3068181818181819, 88], "11": [15.0, 88], "12": [4.0, 88], "13": [15.0, 88], "14": [5.011363636363637, 88], "15": [15.0, 88], "16": [5.136363636363637, 88], "17": [15.0, 88], "18": [5.3977272727272725, 88], "19": [15.0, 88], "20": [5.590909090909091, 88], "21": [15.0, 88], "22": [14.943181818181818, 88], "23": [14.704545454545455, 88], "24": [14.011363636363637, 88], "25": [11.863636363636363, 88], "26": [12.25, 88], "27": [11.045454545454545, 88], "28": [12.238636363636363, 88], "29": [10.465909090909092, 88], "30": [14.738636363636363, 88], "31": [8.761363636363637, 88], "32": [13.625, 88], "33": [6.8522727272727275, 88], "34": [11.306818181818182, 88], "35": [8.159090909090908, 88], "36": [8.340909090909092, 88], "37": [8.670454545454545, 88], "38": [9.681818181818182, 88], "39": [11.011363636363637, 88], "40": [10.352272727272727, 88], "41": [13.068181818181818, 88], "42": [13.511363636363637, 88], "43": [11.886363636363637, 88], "44": [11.306818181818182, 88], "45": [13.091954022988507, 87], "46": [14.666666666666666, 87], "47": [14.710843373493976, 83], "48": [12.291139240506329, 79], "49": [14.12, 75], "50": [13.159420289855072, 69], "51": [13.8, 55], "52": [12.755555555555556, 45], "53": [14.472222222222221, 36], "54": [13.857142857142858, 21], "55": [13.25, 12], "60": [15.0, 12], "56": [14.875, 8], "57": [15.0, 3]}}