{"small-bg-n100-tau-20": {"3": [19.989247311827956, 93], "4": [1.0, 93], "5": [20.0, 93], "6": [1.0, 93], "7": [20.0, 93], "8": [1.0, 93], "9": [20.0, 93], "10": [1.2150537634408602, 93], "11": [20.0, 93], "12": [3.161290322580645, 93], "13": [20.0, 93], "14": [3.903225806451613, 93], "15": [20.0, 93], "16": [4.311827956989247, 93], "17": [20.0, 93], "18": [4.225806451612903, 93], "19": [20.0, 93], "20": [4.946236559139785, 93], "21": [19.881720430107528, 93], "22": [19.516129032258064, 93], "23": [17.06451612903226, 93], "24": [13.408602150537634, 93], "25": [10.387096774193548, 93], "26": [12.096774193548388, 93], "27": [10.344086021505376, 93], "28": [12.602150537634408, 93], "29": [8.946236559139784, 93], "30": [19.29032258064516, 93], "31": [7.978494623655914, 93], "32": [15.290322580645162, 93], "33": [6.763440860215054, 93], "34": [12.408602150537634, 93], "35": [7.956989247311828, 93], "36": [7.881720430107527, 93], "37": [9.64516129032258, 93], "38": [10.064516129032258, 93], "39": [13.096774193548388, 93], "40": [10.870967741935484, 93], "41": [13.666666666666666, 93], "42": [15.118279569892474, 93], "43": [12.419354838709678, 93], "44": [11.870967741935484, 93], "45": [15.483516483516484, 91], "46": [17.945054945054945, 91], "47": [18.122222222222224, 90], "48": [14.205128205128204, 78], "49": [17.17142857142857, 70], "50": [13.741379310344827, 58], "51": [17.229166666666668, 48], "52": [15.157894736842104, 38], "53": [16.09375, 32], "54": [16.31578947368421, 19], "55": [17.125, 8], "60": [20.0, 7]}}