{"small-baigal": {"47": {"tries": 1, "successes": 1, "timings": [307.3087571210001], "succ_ratio": 1.0, "avg_time": 307.3087571210001, "std_time": 0}, "49": {"tries": 6, "successes": 6, "timings": [496.13588103000006, 496.921546844, 490.6375393569999, 500.693389736, 489.78917133699997, 490.9722599030001], "succ_ratio": 1.0, "avg_time": 494.1916313678333, "std_time": 0}, "50": {"tries": 4, "successes": 4, "timings": [446.4561885610001, 441.29689336699994, 446.67487177899966, 420.72262675599995], "succ_ratio": 1.0, "avg_time": 438.7876451157499, "std_time": 0}, "51": {"tries": 9, "successes": 9, "timings": [554.0343254479999, 555.1171379510001, 550.7234016560001, 556.8838298299997, 551.3923052740001, 470.66952224900024, 530.6867997630002, 550.836819694, 555.2437686890003], "succ_ratio": 1.0, "avg_time": 541.7319900615556, "std_time": 0}, "46": {"tries": 1, "successes": 1, "timings": [214.07780191099994], "succ_ratio": 1.0, "avg_time": 214.07780191099994, "std_time": 0}, "53": {"tries": 4, "successes": 4, "timings": [464.3853759419999, 629.4645417679999, 626.9798036459997, 622.699757543], "succ_ratio": 1.0, "avg_time": 585.8823697247499, "std_time": 0}, "54": {"tries": 5, "successes": 5, "timings": [729.2760592710001, 932.5245135660002, 975.9868875299994, 872.1817784969999, 954.3566782520002], "succ_ratio": 1.0, "avg_time": 892.8651834231999, "std_time": 0}, "48": {"tries": 2, "successes": 2, "timings": [305.849113364, 312.583413156], "succ_ratio": 1.0, "avg_time": 309.21626326, "std_time": 0}, "60": {"tries": 2, "successes": 2, "timings": [4191.1978727509995, 4128.921030275], "succ_ratio": 1.0, "avg_time": 4160.059451513, "std_time": 0}, "55": {"tries": 5, "successes": 5, "timings": [637.2527881750002, 843.1005921759997, 844.5940032879998, 837.1842685049996, 841.8899235950003], "succ_ratio": 1.0, "avg_time": 800.8043151477999, "std_time": 0}, "52": {"tries": 3, "successes": 3, "timings": [548.4010131129999, 544.1626594109998, 399.92454885899997], "succ_ratio": 1.0, "avg_time": 497.4960737943332, "std_time": 0}, "58": {"tries": 2, "successes": 2, "timings": [1240.8654414189996, 1811.7709422869993], "succ_ratio": 1.0, "avg_time": 1526.3181918529995, "std_time": 0}, "57": {"tries": 4, "successes": 4, "timings": [1552.30200772, 1526.8699258429997, 1555.8261732239998, 1042.703259301], "succ_ratio": 1.0, "avg_time": 1419.4253415219998, "std_time": 0}, "56": {"tries": 1, "successes": 1, "timings": [529.4877495709998], "succ_ratio": 1.0, "avg_time": 529.4877495709998, "std_time": 0}, "59": {"tries": 1, "successes": 1, "timings": [4934.217220814], "succ_ratio": 1.0, "avg_time": 4934.217220814, "std_time": 0}}}