{"ternary-baigal": {"59": {"tries": 20, "successes": 20, "timings": [7209.34177936, 7280.781047173, 7286.147723059999, 7288.9526974109995, 7343.084455917, 7350.494702282, 7374.427461474, 7383.406394850001, 7384.963954799, 7393.030413931, 7400.418321694, 7404.559020358, 7414.662602218, 7444.217939334, 7499.703086269999, 7384.83493614, 7328.791506124, 7399.815125723, 7426.102139295, 7487.819876679], "profile": [1282.0, 619017.2332106167, 623407.5241230516, 599124.8125212374, 587771.611772607, 562684.9130452218, 538770.311339033, 514338.92762851925, 505697.7895429687, 477439.43330932496, 470920.4156193594, 445720.41313251306, 436271.13510848576, 416101.5982210725, 396240.49103862955, 379750.6589527469, 367650.9426333898, 344298.8021497427, 327814.67391767976, 316295.4290965207, 297107.32369139156, 287924.6027926588, 271706.2693459534, 259724.42007849176, 248234.48660658955, 234384.95795940867, 223352.34693347925, 213938.3143064989, 210054.56878361944, 196512.07952351842, 192069.33226893592, 180528.80038260625, 170568.8790518285, 162044.59483160952, 155841.9689469432, 148463.46135988, 139766.79808572706, 137981.73446409713, 130722.50263870902, 124622.05679476759, 117020.44952362485, 112490.25996745858, 106500.25450189471, 102817.02864433217, 97917.449821374, 92627.40096950263, 89889.44372154244, 83276.7988837019, 80640.01707324824, 77547.16499184938, 73300.80089048753, 68885.05629747466, 67996.16961153163, 63375.18079100685, 60894.2103551564, 58319.8654165384, 55233.213939205256, 54026.82815877834, 50552.93822618756, 48320.143894682864, 45149.3658324764, 44062.88178356853, 42163.929727898045, 40624.90517958308, 38928.929656191474, 37937.1248250354, 34641.89726448796, 33662.884143034215, 31435.23768936653, 30474.679444099318, 29505.2584469339, 27723.164738437947, 26092.059097612007, 25100.812758216118, 23977.158378534536, 22744.91695462077, 21650.368852212887, 20996.236211912397, 19956.294503230176, 19133.207440522256, 18120.55759669996, 17012.92142231972, 16328.7881859934, 15530.98027095144, 14832.861976504313, 14269.856848706584, 13600.742038883796, 12981.717877009934, 11987.992315658057, 11572.032368161177, 11340.443870022773, 10878.753955168875, 10335.952126579572, 9809.399551453906, 9345.381020896588, 9028.413462239296, 8649.122740560004, 8126.393210125468, 7810.44063137182, 7447.474234273926, 7117.734911600766, 6800.1494669540325, 6369.751636350923, 6128.638262116284, 5977.088261678295, 5659.006209890611, 5383.522802555757, 5080.932606250731, 4876.6268354030035, 4782.880555395526, 4445.600699750872, 4237.936934468786, 4134.995599987957, 3864.6035954151394, 3712.257327560087, 3526.06775276533, 3342.4487438612528, 3246.3776494849117, 3087.1967213685602, 2952.4343040385656, 2737.7292113105177, 2588.7361466308053, 2473.00469109442, 2378.3162618683737, 2284.661276385878, 2183.116843509018, 2073.6710840781284, 1978.0111132538902, 1860.5255726082744, 1765.0353300873223, 1688.931604854868, 1602.8214401433129, 1536.0377537285137, 1476.0010765071288, 1379.498717932169, 1320.4749326543144, 1249.3463034545516, 1195.6466101317533, 1120.675467749439, 1069.8330413406568, 1036.4040369983018, 995.2950578978503, 933.2016031742102, 913.5413810700155, 887.0508540789181, 835.1366224258576, 808.0400842720247, 784.452575219692, 743.6048385539617, 730.1459415800007, 698.8407598447758, 691.4381277467498, 647.6250797570766, 627.7844987212471, 594.4326047163103, 548.4569893124277, 550.0301020568611, 539.2135627998294, 502.00593857262857, 486.84141799890256, 485.8433432390527, 457.77450658448396, 458.8169478323111, 418.81368770554064, 383.07848248149344, 362.35553940503377, 340.98773699113866, 332.60969335548117, 307.61477270836036, 266.94714331134685, 255.70793621858846, 244.1301683949761, 231.6439671514625, 220.64764719734117, 207.7115693615591, 200.6630718929398, 186.44585068989244, 176.95686866029808, 166.75434837132295, 153.97972979345624, 145.1277458150603, 140.22398720100745, 130.7899065621592, 124.498790838598, 116.54807990072197, 108.18280737188537, 102.07739757948755, 95.90921679267085, 88.33609942984585, 84.30258819433146, 79.06817509402744, 74.65762662034788, 70.68842030823934, 66.73459755512843, 62.78502827997662, 61.51142380390687, 56.4239475056149, 55.70089878702688, 59.303919193133225], "succ_ratio": 1.0, "avg_time": 7374.2777592045995, "std_time": 0}, "60": {"tries": 20, "successes": 20, "timings": [3167.396837604, 3239.851977282, 3126.9773793639997, 3246.466295338, 3266.662391449, 3259.698758319, 3265.073397173, 3299.24852116, 3313.1886259499997, 3248.431929561, 3096.5692031259996, 3205.409379589, 3103.290404825, 3255.1226214099997, 3212.5776092710003, 3240.44294357, 3267.3182568479997, 3229.985991139, 3247.530496421, 3261.6314682049997],