{"small-baigal": {"45": {"tries": 50, "successes": 0, "timings": [232.649233, 236.349337, 236.462212, 236.412662, 236.923518, 237.19548200000003, 238.39406100000002, 238.37967400000002, 238.96296900000002, 239.553134, 239.907938, 239.610245, 239.547712, 240.03750200000002, 239.980436, 240.345753, 240.444685, 241.46980399999998, 241.822543, 242.17605600000002, 242.812865, 242.690674, 243.56266499999998, 248.80069499999996, 249.58085900000003, 251.77884900000004, 233.59507299999999, 235.673428, 233.28691500000002, 236.52190299999998, 238.87062, 237.781465, 241.482425, 242.917835, 240.414772, 240.67123199999997, 238.188221, 242.493535, 244.583082, 241.833585, 241.612474, 243.50350400000002, 244.00083, 242.905355, 242.123486, 243.939564, 247.47940900000003, 246.204149, 239.082644, 382.586306], "succ_ratio": 0.0, "avg_time": 243.55206750000002, "std_time": 0}, "46": {"tries": 50, "successes": 0, "timings": [270.521084, 277.718766, 267.816033, 266.09607500000004, 270.857664, 269.578114, 267.065064, 270.333529, 274.852255, 268.031512, 266.26343499999996, 273.215357, 268.68879899999996, 271.552278, 267.59054199999997, 269.233542, 271.665416, 273.071671, 268.501295, 270.554251, 276.94372500000003, 273.124384, 273.78065300000003, 282.13241999999997, 281.836041, 268.61355000000003, 268.058544, 270.501807, 265.085916, 267.677967, 267.434701, 263.648447, 268.88773699999996, 265.42357999999996, 267.40887000000004, 266.49847400000004, 270.91494700000004, 272.74629, 272.562394, 278.471921, 269.908509, 268.386298, 271.374583, 277.281587, 278.107533, 285.57015199999995, 271.22579, 266.711455, 275.711393, 453.998307], "succ_ratio": 0.0, "avg_time": 274.86469313999993, "std_time": 0}, "47": {"tries": 50, "successes": 1, "timings": [387.82836399999997, 385.19702, 391.690957, 388.020621, 373.609141, 374.242077, 385.63698, 375.783186, 377.970102, 374.540614, 376.397089, 394.271883, 375.284518, 375.312244, 391.15639000000004, 389.259861, 387.514906, 391.329327, 395.036905, 394.46661, 390.280306, 398.064628, 398.914222, 406.19132399999995, 394.578891, 375.59619599999996, 392.194989, 393.57385899999997, 394.337594, 389.021234, 373.42453, 368.269678, 380.427093, 387.276044, 372.903569, 374.67733400000003, 371.589341, 377.696913, 414.20495300000005, 384.136059, 396.340331, 392.45874399999997, 392.87433899999996, 398.39539599999995, 398.54911599999997, 396.32878300000004, 411.406826, 396.502545, 393.861919, 688.5789719999999], "succ_ratio": 0.02, "avg_time": 393.74409045999994, "std_time": 0}, "48": {"tries": 50, "successes": 0, "timings": [420.277189, 371.065156, 387.880439, 391.768357, 390.672487, 381.530909, 372.949949, 375.939321, 372.078179, 375.861093, 375.548543, 371.855031, 391.71720799999997, 400.79265499999997, 375.86475, 378.77637000000004, 388.221409, 386.899148, 394.422934, 390.363944, 389.540084, 388.766536, 389.526271, 396.55055600000003, 392.84308799999997, 400.10555400000004, 379.505872, 383.012716, 382.737275, 390.533151, 393.2117, 375.63168, 376.629009, 385.513955, 387.892543, 377.631322, 379.628466, 393.14342800000003, 395.91455299999996, 380.995288, 409.700065, 382.725293, 405.827075, 387.00983699999995, 387.33916899999997, 393.817963, 382.847253, 394.374055, 394.069435, 705.49278], "succ_ratio": 0.0, "avg_time": 393.5400208600001, "std_time": 0}, "49": {"tries": 50, "successes": 1, "timings": [637.546866, 620.738239, 602.590022, 609.342489, 610.816416, 608.5761769999999, 615.4907310000001, 632.752408, 600.775865, 610.606256, 610.214559, 615.1299670000001, 615.5116810000001, 601.304673, 607.9541280000001, 618.9732570000001, 633.448082, 627.500844, 612.919013, 612.747047, 612.2582249999999, 617.4387330000001, 618.321336, 613.2370070000001, 611.761494, 620.979199, 606.189013, 602.080012, 598.254772, 607.044655, 610.59591, 619.275724, 614.552343, 602.7486309999999, 605.395347, 598.734358, 601.953804, 614.948274, 609.084576, 611.749063, 605.9580080000001, 598.9234289999999, 619.440768, 605.43282, 609.780995, 599.824482, 611.3769, 604.280649, 611.276803, 1217.14361], "succ_ratio": 0.02, "avg_time": 623.6995932000001, "std_time": 0}, "50": {"tries": 50, "successes": 2, "timings": [554.8284219999999, 548.247221, 550.874914, 553.579894, 550.4879940000001, 557.345752, 570.4019119999999, 546.892737, 560.6721679999999, 541.20727, 542.752464, 538.063222, 561.63066, 565.393596, 554.81214, 553.905042, 556.488982, 571.349284, 553.405079, 546.894096, 550.711014, 559.5640149999999, 556.038279, 560.230597, 560.040774, 556.486817, 554.2916419999999, 551.570394, 570.286832, 552.1373629999999, 548.640103, 558.083305, 543.279291, 545.135405, 571.169176, 547.520786, 541.30067, 554.687188, 546.851397, 557.7385300000001, 552.6182689999999, 555.5119639999999, 550.338786, 551.227754, 559.114261, 559.414791, 550.843069, 545.761279, 566.652341, 1083.6973189999999], "succ_ratio": 0.04, "avg_time": 564.8035252, "std_time": 0}, "51": {"tries": 50, "successes": 11, "timings": [674.162407, 687.117628, 678.8899749999999, 680.199336, 692.035904, 668.129275, 671.648469, 681.742177, 690.1389810000001, 667.9816099999999, 673.567131, 672.237257, 678.7856059999999, 686.548128, 687.767512, 681.286921, 702.054802, 688.7728599999999, 674.868544, 686.0076160000001, 687.307331, 680.402933, 674.7523160000001, 683.9266690000001, 674.587513, 668.250308, 688.942328, 695.1505950000001, 697.655442, 720.198117, 718.687737, 674.061641, 730.5319139999999, 688.968165, 693.769304, 669.590298, 662.6718079999999, 669.500303, 696.164451, 690.118177, 699.4017690000001, 686.2679939999999, 667.033294, 689.6091729999999, 694.536914, 679.4743679999999, 692.3257110000001, 691.5468559999999, 694.466014, 1317.700014], "succ_ratio": 0.22, "avg_time": 698.0308319200001, "std_time": 0}, "52": {"tries": 50, "successes": 10, "timings": [718.5720610000001, 688.304726, 686.921861, 718.2123929999999, 714.520601, 718.870692, 714.721837, 709.254511, 725.672464, 724.287966, 708.7610679999999, 715.04439, 702.550223, 720.734732, 739.10536, 686.666904, 700.7395190000001, 716.14932, 721.052615, 687.096773, 686.793031, 720.409253, 705.994638, 742.3958190000001, 728.3882980000001, 714.7952170000001, 693.65238, 686.5780659999999, 723.814957, 709.29431, 717.058058, 728.7182439999999, 710.2155849999999, 723.106416, 719.2802220000001, 705.936052, 688.882457, 718.275527, 688.969387, 694.19891, 718.047613, 696.053458, 690.915349, 688.567069, 691.192703, 714.5854870000001, 695.066707, 731.9220740000001, 715.461299, 1374.908279], "succ_ratio": 0.2, "avg_time": 722.8143376200002, "std_time": 0}, "53": {"tries": 50, "successes": 11, "timings": [754.34126, 762.040517, 764.972223, 756.003118, 730.34414, 754.278352, 761.582821, 760.394487, 760.3961810000001, 751.675989, 767.3901989999999, 735.9417289999999, 749.995525, 752.0283939999999, 767.649127, 760.2236389999999, 740.872779, 759.83403, 764.3962389999999, 732.2285800000001, 758.980391, 752.790523, 780.8641259999999, 762.6009819999999, 743.568005, 763.0182500000001, 764.789315, 767.058069, 756.6815359999999, 755.359494, 743.679276, 759.652483, 753.106001, 739.820834, 732.4678660000001, 733.309879, 765.785718, 773.5936810000001, 758.88609, 734.087618, 762.780439, 755.182241, 739.241641, 732.1693710000001, 764.2043950000001, 753.6205120000001, 766.576016, 733.376773, 757.212311, 1435.816445], "succ_ratio": 0.22, "avg_time": 767.7373921999999, "std_time": 0}, "54": {"tries": 50, "successes": 17,