{"small-gauss-n100-tau-15": {"48": {"tries": 4, "successes": 4, "timings": [575.006206296, 580.153204509, 572.2648928420001, 577.2569826839999], "profile": [109.75, 41284.329985538134, 40864.56021032485, 39906.17040368862, 37494.00471822405, 36482.61618959102, 36579.318639471225, 31987.347045166873, 32617.915077312173, 32082.522822567313, 31486.303853401645, 28829.416593664755, 27596.385783248013, 27451.776840353872, 25397.776806314556, 23601.472139865684, 24270.820496759898, 22624.988334138958, 21984.34857951696, 20406.316948607353, 19062.61383819521, 19293.50811442207, 17141.016853075293, 16016.51640160705, 15312.000902492691, 14580.929207381263, 13958.577175510454, 12584.102936683923, 12712.711816649702, 11718.685315098352, 11560.098031571453, 10883.08316397389, 10284.382230341322, 9877.505674699541, 9387.052905165785, 9052.8433882807, 8064.521463716551, 7918.271556699354, 7183.338571441972, 7108.550767449886, 7137.828990430843, 6588.209559714998, 6325.314647588932, 6061.286162350429, 5459.438846935781, 5221.281367304611, 5016.925500099046, 4748.451173723162, 4591.444474128794, 4569.49915098585, 4223.786923933998, 4133.595747866781, 3712.2289441860494, 3420.309304372179, 3416.9590858988145, 3194.56281757844, 3289.6600713527255, 3134.738762092442, 2774.4327486581833, 2800.6110504634376, 2433.559712625661, 2229.532493922507, 2163.0291480494866, 2127.9348252370137, 1944.0681181448285, 1922.182051153885, 1992.5504024012148, 1769.0781243356328, 1654.9723138496395, 1449.4042477403095, 1429.8133449804836, 1383.7771689853807, 1294.1123243282495, 1217.270016207145, 1206.955081772302, 1152.075475376774, 1057.4732987361435, 1030.3199610055744, 1027.559035753391, 999.4389850840282, 964.1288889575878, 845.7934659866618, 806.6504788001845, 823.968774905812, 746.2171897349384, 674.3042639067345, 708.4800463852794, 655.1139635129073, 611.0179294217938, 559.1954248682962, 518.7740531572936, 486.0024336936253, 459.1986369944052, 456.1025399749175, 448.9735827086756, 443.6769904816164, 407.09749964978886, 368.0134876259479, 353.71601692322145, 334.284265041416, 331.8313751687152, 319.56343323501596, 290.11636362543044, 283.48780541560956, 262.53077948850324, 236.69989591651984, 239.5366734850116, 235.4268618914588, 210.64767152743457, 215.1111354918304, 193.6923395268272, 192.9168725555586, 171.60359905993306, 165.92212829531272, 152.08316897371887, 150.93936529331128, 144.4164328270477, 132.88116414146094, 127.89364956664336, 113.8199150349711, 118.65563033175252, 108.51564180111686, 100.56615596668937, 100.60981947226773, 92.677620511296, 91.89539606367836, 83.43548683272112, 78.64373636707904, 78.7742506638887, 78.59742357660345, 74.83003484554078, 71.31610538325327, 69.4138218850875, 63.81805789851657, 56.10922405940025, 55.58780280369335, 54.39882903197381, 49.03529800562242, 43.2914606198336, 46.47932240546382, 40.880054326128516, 40.60403066543877, 37.818326981975645, 34.36054341591972, 33.33473218736626, 29.450499439122886, 28.853572116858196, 30.284466319632052, 28.065455970461244, 26.501891537258537, 24.50620788824049, 22.988205017069436, 22.081089054377106, 20.95147818356623, 19.265645738441286, 18.564622653873016, 18.596243546011, 16.58070736364478, 16.739503757442233, 16.877549458179388, 15.89466455447768, 15.504877408788197, 14.49303071399972, 12.702643935906817, 12.786729687119596, 12.228130287444817, 11.056287331489617, 11.421251662009723, 10.09239681505698, 9.358135588172422, 8.67888220405496, 9.084893299590313, 8.250734517998955, 9.200156587833256, 8.270867976067317, 7.396021905346493, 6.598979437977161, 6.305491462882293, 6.132262569996635, 5.7585407752842155, 5.478695348060301, 5.3315252090246785, 4.861001020845482, 4.741190990328889, 4.329734842293533, 4.3153383369844835, 3.848714313960058, 3.660163202546792, 3.5173909411093742, 3.246333006111638, 3.0275633929880454, 2.88202919974318, 2.745270939928696, 2.429062344708705, 2.3636844153568726, 2.1943674343104154, 2.106114352039447, 1.9884839324752337, 1.91607759800403, 1.7692613094308791, 1.6242648092659557, 1.6531280765423184, 1.510115018973484, 1.5134272740055268, 1.4626230183837743], "succ_ratio": 1.0, "avg_time": 576.1703215827499, "std_time": 0}, "53": {"tries": 44, "successes": 44, "timings": [1123.458109227, 1119.751045348, 1114.564954606, 1125.7387258970002, 1121.302966126, 1113.9134824569999, 1120.6484925940001, 1110.180835128, 1108.030650832, 1118.421678467, 1115.155767664, 1105.234226739, 1099.866971604, 1098.767059374, 1118.273417605, 1113.5169540880001, 1109.7967321360002, 1110.95675992, 1101.451814195, 1119.2218288469999, 1112.211100211, 1132.9381024650002, 1106.5577144099998, 1119.437494887, 1113.699154895, 1122.359828658, 1128.182543588, 1127.339427187, 1137.4091337639998, 1123.439615762, 1118.10605226, 1126.8427938080001, 1111.2558146729998, 1139.214694799, 1108.215456566, 1118.9226533770002, 1120.046968448, 1106.478583959, 1119.32410341, 1130.4080322599998, 1108.520895097, 1122.026364785, 1125.438890723, 1104.60232783],