{"big-q-gauss-n100-tau-10": {"60": {"tries": 100, "successes": 47, "timings": [3699.2752683579997, 3740.965607236, 3714.803329292, 3720.9972056780002, 3697.8098302579997, 3741.920291267, 3764.207431176, 3709.485696975, 3742.032250016, 3764.169287683, 3744.033226242, 3734.4531023120003, 3778.1757341810003, 3727.254940155, 3768.830804875, 3775.2349988829997, 3749.8066796870003, 3724.519670661, 3773.190952345, 3737.678846202, 3846.4358301049997, 3786.51522812, 3721.609029961, 3742.645981892, 3721.436272385, 3671.826125681, 3812.7435296619997, 3844.411355502, 3838.202732765, 3715.607285167, 3728.733827003, 3714.450814162, 3759.917397912, 3692.734659934, 3746.894252897, 3595.535770957, 3720.3599320519997, 3686.674132873, 3724.1933762599997, 3688.389246227, 3813.118036714, 3713.612723058, 3788.992244415, 3655.7560792679997, 3739.499629049, 3726.062340308, 3779.552500738, 3788.7955064880002, 3776.574136112, 3773.707658192, 3691.564091091, 3713.271164811, 3668.3317491929997, 3719.0261969030003, 3723.5616520860003, 3834.1941344790002, 3739.031179874, 3827.906124476, 3779.600443559, 3714.843106625, 3771.370079368, 3700.482403799, 3690.971640621, 3790.998124616, 3773.189551281, 3787.89977347, 3673.3332690800003, 3628.020267884, 3760.485141573, 3827.298263482, 3760.2127118810004, 3788.62946052, 3781.3167861489997, 3744.1474384430003, 3699.618240263, 3740.386130489, 3746.008945617, 3652.496796242, 3823.4627997179996, 3757.746431563, 3721.192957279, 3695.118564041, 3698.571434905, 3777.967230609, 3844.682332712, 3756.3488721460003, 3742.973318964, 3702.375504266, 3802.1555610349997, 3661.056849006, 3764.459353636, 3685.06573889, 3801.9015787589997, 3790.8559457730003, 3636.010487338, 3837.71676538, 3897.317653248, 3819.680484506, 3777.975125887, 3832.857275115], "profile": [265110.84, 503891.79799045704, 484832.90907010704, 464592.2772531582, 451169.33813506155, 434890.8869195128, 408709.86468995793, 391219.97645419143, 374883.65545433183, 356091.1181180559, 342724.98360478715, 321860.3316211813, 310784.61028340855, 298528.65645856806, 283835.6024959744, 268928.55276380235, 256718.26119053378, 247145.1981777124, 233645.6529704245, 221535.690212707, 211375.59160163702, 202310.60714448642, 193295.13868799584, 183276.69151377695, 175583.0553053826, 167077.1644049662, 160100.19805915537, 152145.95867256421, 144305.42949324142, 137678.17724446167, 131957.3644540148, 126321.32551266465, 120309.3713162836, 114952.2543413391, 108898.74254497534, 104088.99206033189, 99195.54558050985, 93368.63226084685, 89636.55786075842, 86058.75588267771, 81538.16235231832, 77444.32919982764, 74124.17747334536, 70585.54559280474, 67340.11772488475, 64317.210095419105, 61468.64803186504, 58786.29341801598, 55663.88057334416, 52155.73244781701, 50181.269465720616, 48192.91338264145, 45876.03601880602, 43949.94183749786, 41566.63464868544, 39727.1872236964, 37569.02127751169, 36273.782967165556, 34182.87919836158, 32815.5607805948, 31046.514359206372, 29834.903082783454, 28304.243833403325, 27414.076774095385, 25831.30708105497, 24592.88738925083, 23566.10821452609, 22208.379093718533, 21181.489041193374, 20254.911033889, 19569.439879451347, 18421.813287655317, 17594.885659037456, 16526.90414600676, 15911.944972930085, 15169.687407470094, 14472.439796072438, 13756.598060845365, 13133.62600079754, 12546.321113409926, 11920.31965044271, 11339.22941586143, 10934.255654975215, 10335.026694418391, 9982.07227778682, 9448.760704824375, 8950.56905091502, 8487.617014268362, 8121.121250982039, 7730.409807057919, 7461.306064437763, 7115.232474818879, 6784.378048561485, 6459.806582874989, 6175.960733280687, 5889.334460545266, 5521.836236365756, 5274.0079250795425, 5020.153492916958, 4808.336713757505, 4558.284483415711, 4374.622592281692, 4177.226366189228, 3986.0478012269637, 3773.5812449428763, 3593.3274178803813, 3414.07015424437, 3275.6024069461578, 3119.7020582746545, 2971.9413094859024, 2829.3110166693527, 2706.3800374641855, 2594.762229960659, 2457.5185060677727, 2351.01904986715, 2242.7781912383166, 2142.7024114712326, 2041.210966817491, 1941.3540720692013, 1851.7796428007402, 1763.8697784458436, 1686.09383951578, 1609.6093986738185, 1527.8975521304938, 1467.7098949321642, 1399.7460210467189, 1345.7995643584086, 1277.9307668806018, 1220.9453795565264, 1166.5099275739544, 1109.154075174478, 1052.7843326905768, 1020.3068590923052, 964.1851922978386, 921.7086605641883, 879.4867590152909, 850.910055152945, 805.9481434233078, 766.364529612138, 728.2145330407842, 701.1595629369882, 665.4422473281958, 638.2383528936136, 606.4442418650344, 577.9217639953358, 548.4138187684912, 523.5296707268039, 496.70632462645705, 471.5502090320153, 454.5899511704227, 429.8444150272898, 408.3985621513558, 387.5994462528655, 372.2415789840875, 353.2711000545221, 337.051657820911, 322.9008034320295, 304.99312962109406, 291.11992901795725, 276.2250624950804, 260.89548182543336, 247.64087199067953, 236.2206664104504, 224.44873451255236, 214.47322224685598, 204.09653527923678, 195.3285687617031, 183.78576695761322, 174.9296592583934, 166.87097477327796, 161.007968236579, 156.03020706405098, 148.35350141449405, 144.57620008657324, 138.89146721245754, 133.2122882599311, 127.82196866163706, 124.91186113161672, 118.9560450524166, 114.69451855130396, 109.33677140821145, 104.72945401894222, 100.53422905070529, 97.20856784749841, 92.96894761732563, 88.62638027525107, 85.6943693775848, 81.49131116999735, 80.10213953594702, 76.0544091628232, 72.58510648685282, 68.98487081335271, 66.26955634504799, 62.009031658385375, 59.13122069462719, 57.19914814203775, 53.21735308012992, 50.890593822890175, 47.70805624347835, 44.05400096066422, 41.623881514533544, 40.30885530012587, 37.10794704018572, 35.31256854851276, 32.618309229954704, 31.343696466714373, 29.365979002552713, 28.36130065339405, 26.434056503405774, 25.33870600825639, 23.318058909979303, 22.611403919174926, 20.880753589115248, 19.805557051600605, 18.508753903238564, 17.776255259989856, 16.37343191548794, 15.762843951740463, 14.559694974749991, 13.810251627528098, 12.689849091181623, 12.099797202002799, 11.180176570398054, 10.708742776533043, 9.823907475410069, 9.415379902379119, 8.779037695422739, 8.500342008825825, 8.304839662991533], "succ_ratio": 0.47, "avg_time": 3746.7951992199196, "std_time": 0}}}