{"small-gauss-n100-tau-5": {"53": {"tries": 18, "successes": 18, "timings": [374.419028192, 377.16280329600005, 381.295669523, 377.92962285999994, 382.00804654399997, 380.967863588, 379.704759143, 385.624637352, 381.206087839, 383.753552409, 384.38702364, 384.07144316, 384.460917656, 385.93895684, 385.73619698699997, 387.4528493650001, 376.190192572, 386.0595043100001], "profile": [125.11111111111111, 40428.69921150341, 39740.089002493216, 37320.18709277923, 36155.96963690265, 35110.665285329014, 34482.66418157329, 32018.0292666671, 30661.002901310232, 29680.162487570444, 27974.08153573602, 26234.04084543882, 24699.394997506293, 24087.964861008695, 23297.179529677993, 21912.503808456706, 20813.236290528082, 19961.250326250258, 18941.42309772708, 17873.48511333436, 17314.221207183262, 16371.446869519103, 15431.338898944186, 15095.008135887645, 13875.821249754503, 13093.325298091682, 12904.16310149432, 12195.287035788979, 11440.307188830437, 11190.211896891566, 10459.96899549482, 9989.698107054572, 9500.511138853988, 8900.470582040134, 8442.212351018585, 8113.750300612042, 7803.0220664769, 7514.926625328469, 7064.0380798688475, 6674.930975320375, 6395.749366989654, 6027.985749807291, 5695.128664245831, 5361.466044247499, 5166.262388837639, 5026.778033165471, 4628.384297926889, 4533.524056853878, 4227.926239938, 4200.134997663777, 3919.212945995229, 3743.0404344230765, 3422.8182752777216, 3293.5952502421255, 3175.863163971086, 3022.6367321027556, 2923.000961003232, 2695.7870551847673, 2571.6025027740343, 2401.0583480499918, 2344.825140355882, 2201.264038168638, 2157.9694821467324, 2016.2046886244955, 1918.6582589502452, 1866.6490155980932, 1720.3375405829745, 1645.7509392799266, 1549.3355960348576, 1506.0956311680116, 1440.1917572204975, 1338.1214158524278, 1270.9216090545133, 1226.848092503987, 1172.3194138491574, 1120.958049137526, 1050.974004164074, 985.852353099145, 954.6891907760696, 918.2681474538326, 867.8121635365111, 822.3983731483352, 792.1328716458511, 748.4728900509558, 704.3139246864985, 659.688683408545, 638.1203787890623, 609.3290892910013, 576.8306633214993, 553.3871997214935, 525.5062478233065, 501.6120695369661, 471.1980665410075, 457.4559937631276, 430.8779689539954, 407.15132604556317, 383.96302934979576, 367.2770705853444, 351.245910575784, 332.18037679772186, 322.1779658103618, 304.16762666718506, 281.4708040872824, 274.14250312137426, 258.2622139304108, 246.2917609627696, 240.4644832892717, 222.18406874667326, 213.61258161077976, 202.4143859167431, 191.09691439231904, 184.69109408342982, 176.19768735784567, 171.1506864216419, 159.6098638728163, 149.72842743809582, 147.47021092348643, 139.60829148056675, 130.2884076675614, 124.52255527243544, 118.10042173127697, 113.23909140117968, 104.43164309984464, 105.58402718752953, 97.71833832860268, 92.83904218034063, 91.90642594638808, 83.91472591026094, 81.71442478294081, 75.87599080516503, 71.33489098555873, 68.60585046302157, 64.7652751981779, 62.04823977185114, 57.65365143488239, 57.709561064795835, 53.73717719895132, 50.073637217687214, 49.53946596778813, 45.55521103017211, 43.825959887292555, 41.66559838536375, 39.90963403394864, 37.56065018997938, 35.97823151207127, 33.486206302347824, 31.350817442579537, 30.41513844385454, 28.967619986458242, 27.358526480304093, 25.597978121258897, 24.838198910757615, 22.95374979934058, 22.766347726778516, 21.114035410314944, 20.782472294889335, 19.771196147071002, 19.183316550329945, 18.831968993680807, 17.404609321936125, 16.955586664950577, 16.337490934281064, 15.674874952764766, 14.831036860091517, 14.499271038733873, 13.728118230653026, 13.003426935369147, 12.57026587189112, 11.804716196244792, 11.125616671237092, 11.025378728101403, 10.499194533448424, 9.572086289858582, 9.214934583747837, 8.912857861868437, 7.920381706840498, 7.49857820348485, 7.308992826256135, 6.832647615352324, 6.429010229674862, 6.10673671035465, 5.708939669782655, 5.334573922055999, 5.233055206451656, 4.836096694576548, 4.610426934700896, 4.267047520979929, 4.2215590480241465, 3.730401423078822, 3.577280243338107, 3.313592993124614, 3.1907002441625654, 2.952949386206772, 2.840791423885578, 2.640344318686299, 2.4978287364020426, 2.2977404710382188, 2.20337867052844, 2.0248696170448337, 1.8818150606778603, 1.773343841112426, 1.7312311120741186, 1.6188291155116334, 1.5266721395910468, 1.4460543131740184], "succ_ratio": 1.0, "avg_time": 382.1316197375556, "std_time": 0}, "58": {"tries": 41, "successes": 41, "timings": [577.117874832, 580.7343541210001, 584.9475621969999, 581.469293787, 582.842897526, 584.2087831399999, 585.0351966730001, 580.2471156569999, 586.6093791719999, 585.546815493, 589.2390556559999, 586.2694094029999, 579.047177612, 582.263586374, 582.129329712, 585.9579748909999, 587.496579022, 578.960122709, 587.585949463, 584.8431694860001, 592.725208098, 588.371751534, 589.8992448800001, 588.579639235, 587.3566268080001, 590.794394329, 586.882671067, 594.589478357, 593.09785401, 584.768377056, 588.5842277480001, 589.4871678310001, 584.391476796, 589.600010117, 591.17569938, 589.6687137299999, 591.0243020080001, 592.332327312, 605.313492863, 582.1736729180001, 590.1192522819999],