{"small-gauss-n72-tau-20": {"48": {"tries": 21, "successes": 21, "timings": [193.95119446899997, 192.818384365, 191.274187189, 187.400727837, 154.381458141, 187.092165306, 201.53670460799998, 192.54009125800002, 152.255334569, 194.537673603, 190.82985116900002, 197.794327198, 192.955069913, 187.535251278, 183.229872227, 192.80374759499998, 184.475976474, 193.49988821099998, 185.425337675, 185.155318854, 171.354073923], "profile": [158.52380952380952, 6530.0016755973365, 6504.151525115094, 6337.591935594706, 6166.843133481383, 5881.017880318507, 5661.711625319461, 5474.393154949829, 5260.614761383591, 5077.047221208055, 4873.578272199427, 4633.547312864084, 4384.713350864618, 4277.292624038163, 4033.702430832044, 3921.6959897840416, 3646.812499476373, 3489.255226752442, 3412.3573990773134, 3216.334187029271, 3015.629812824412, 2954.8787400302326, 2846.565242377495, 2632.580792936773, 2500.366435930608, 2432.2691886435414, 2305.6958146636266, 2144.953859360098, 2087.965023639769, 2007.002787315376, 1878.957363925253, 1809.3935196640682, 1726.1592083253656, 1651.3303413583556, 1575.8857197600764, 1478.4515741091145, 1383.0026968881448, 1316.301074374127, 1247.7766089143706, 1180.7488428877175, 1125.5190129178093, 1094.135707138957, 1028.6788281038328, 967.7701746027295, 908.5462113689113, 878.9201481667112, 843.1902508499714, 807.0592528104614, 764.3204247597987, 717.3237607508856, 670.784395548391, 647.1899793574953, 617.9121568258574, 590.0043416157595, 561.275126725121, 527.8936708274532, 515.2066364254543, 483.5269883549022, 456.2865702590579, 424.7723453599491, 415.9278332344005, 393.97671040946744, 374.6901667766924, 368.08534450979414, 331.3616913255152, 321.3684929123265, 300.8257055797265, 287.6955277832759, 275.3232499729095, 261.05292269281136, 248.72538796027214, 230.52533202620975, 221.64419425078384, 212.19262116400594, 202.12063973447363, 191.57684607863217, 181.70016404864384, 174.44023763217177, 164.87900140962816, 161.04539203340545, 151.15835001907448, 141.44385891060455, 135.1150700438689, 125.49468883893054, 122.06684006665185, 116.69570906719453, 115.08091774509789, 105.53842278730511, 99.914273665922, 94.1832826055116, 92.30834039000212, 84.06522658169403, 81.61093293751335, 77.97187211589774, 73.98454758255454, 70.50977496200984, 65.21326445945768, 62.70628881860243, 58.5726043153726, 56.24977072554684, 53.48643194401889, 51.27867263414348, 47.72304184297635, 46.040637043733696, 42.261133391425204, 40.98748461601905, 38.414964376840686, 35.94459782816055, 34.195108230913796, 33.183769881790965, 30.87265036164671, 30.39993027255561, 28.559044179981356, 27.763440756986036, 26.286209445877677, 24.99517022157392, 25.20198074716537, 23.799859706133077, 22.33877871677734, 21.60430517632121, 21.043480085670765, 19.545607266673407, 18.48050300987071, 17.713379778990983, 16.44795308655966, 15.46383688177386, 15.29034694747562, 14.448153377002544, 13.871655830887217, 12.940135869161008, 12.194528824449549, 11.112890309405701, 11.123659896638038, 9.7518371303945, 9.351512298473896, 8.67736513292361, 8.250047731355997, 7.934282385688421, 7.752703349473103, 6.9884509697499615, 6.793825596821939, 6.320733510804522, 5.95238165172756, 5.437044742661292, 5.325179081706207, 4.955417391253539, 4.720223292590733, 4.383202469747964, 4.223498410244622, 3.8529850921399236, 3.791774484319615, 3.4114633701907917, 3.1964309322227216, 3.0593862317670553, 2.9092589151304944, 2.7609912852063223, 2.582521363207536, 2.445828821691583, 2.2640493130251804, 2.1988500879341113], "succ_ratio": 1.0, "avg_time": 186.32603027914286, "std_time": 0}, "51": {"tries": 31, "successes": 31, "timings": [192.831495594, 238.679198633, 294.487534695, 300.688831034, 183.68920662800002, 302.07779551400006, 288.43812129099996, 299.374889195, 291.303112422, 291.03334366099995, 297.57941378, 226.23531849, 302.881780389, 304.6589925100001, 295.27474822599993, 290.256296956, 271.336025889, 295.2193464740001, 290.14809811000003, 287.831368965, 277.94795951200007, 245.20672049399997, 274.23695258899994, 281.46054594099996, 217.27082299799997, 263.25958042799994, 262.94254333599997, 256.21693251600004, 245.15604055700004, 239.64316151299994, 236.09028215], "profile": [159.58064516129033, 5833.292453213198, 5908.1590577293155, 5672.145817294383, 5563.297419186815, 5228.688578956737, 5200.920611758238, 5014.06681651994, 4755.026468642262, 4565.469057705281, 4445.951560553671, 4258.007042678802, 4049.3660869550854, 3931.128188371544, 3752.7790831921916, 3673.3229075787617, 3427.6666182940808, 3284.381690127777, 3150.4557830752333, 3020.4552632333493, 2872.712469497163, 2778.123511924386, 2631.4140683618925, 2512.705725766954, 2391.683014290393, 2262.5306821865165, 2155.4117926210006, 2076.1738816493425, 1946.2970067909605, 1852.6343425727812, 1788.178911150309, 1705.4583984508176, 1619.3708963904676, 1532.2301863752482, 1463.066238767809, 1379.8286671330216, 1311.1977420513833, 1252.6558142664242, 1184.6058760974508, 1144.268816405806, 1085.8703970703461, 1025.6794674829284, 981.8753778223686, 939.6533892532099, 877.3879383187938, 845.7648475983523, 815.603332818493, 767.4923815697913, 730.2355713840018, 690.6186711492854, 667.8372018650729, 630.3810153831595, 600.3247034377512, 575.1470944744744, 544.5362091854764, 512.689057296457, 493.9625873536083, 450.5343925729129, 437.4883057709924, 419.446916433618, 403.15809192657287, 374.0284417735774, 363.0492793610289, 344.42342781015765, 326.58918295713346, 314.2141994743202, 295.7322564022095, 287.49800492997963, 270.16575550668006, 257.493059269252, 244.44626292134117, 234.52796392724497, 220.3211911165488, 209.50639225374957, 201.7936960587356, 194.96268417397758, 186.00810091098393, 178.5150681698504, 167.69758735496228, 160.6567328645801, 153.75949108855434, 145.10495266439125, 136.15820356992643, 128.2532940339991, 123.58525075464404, 118.94004567879341, 109.49435282074941, 105.28121634549602, 101.68345395186192, 96.20148951446977, 90.70985622287546, 86.23189210036496, 83.29087845236931, 77.28604940465725, 74.2153726645728, 70.66530223229542, 65.94749445260122, 63.487587136573, 60.45128644227086, 56.08117662407118, 53.94150639414376, 51.974353165405425, 49.29982247307334, 46.32578792591129, 43.79675556865011, 41.80815328161916, 39.423361424655575, 37.83585579449965, 35.70736787153878, 34.04672860041655, 32.547261159165465, 31.435430652004882, 29.717968508315757, 28.30366011944971, 27.050848912914766, 26.32206744937784, 25.265461787734374, 24.75001804967509, 23.403457640694658, 22.80504620466116, 21.72085660874955, 21.361925818906364, 20.639090180502322, 18.9512364150326, 18.369405892521048, 17.730071670699786, 17.13164647782219, 16.36771194985748, 15.013916499251728, 13.902852622601667, 12.828149146975939, 11.875820085617246, 11.727430883522036, 10.58907594325283, 10.096485576054588, 9.36029067224507, 8.910715011387806, 8.344933883822195, 8.033790410760533, 7.568674142112092, 7.401787345788479, 6.799693091495927, 6.490550073410734, 5.962842712986432, 5.752804813264053, 5.1879241962915, 5.065601150098211, 4.643267442819701, 4.555752972236237, 4.159230282166444, 4.043629589879734, 3.705136618013236, 3.548089008870926, 3.2113676599775407, 3.0535892399969695, 2.822554356166519, 2.713930547135267, 2.5640872897528832, 2.418025608574128, 2.432257027377912], "succ_ratio": 1.0, "avg_time": 269.14375679000005, "std_time": 0}, "54": {"tries": 33, "successes": 33,