{"small-bg-n93-tau-20": {"48": {"tries": 12, "successes": 12, "timings": [376.363101383, 375.655718106, 376.164157489, 382.837669024, 374.782857436, 318.84276559200003, 382.86410122000007, 396.5564497849999, 396.312160523, 392.812639677, 373.61867435199997, 374.22994157100004], "profile": [185.75, 45190.61713094297, 42597.67507677004, 41655.32437817781, 40500.90684000097, 38206.14179008578, 36724.167577905064, 36000.33373080767, 34228.87692877251, 32645.853676396448, 31469.89864048761, 29150.334842477958, 28554.420899358218, 27135.827246137207, 26822.950569639124, 24707.69172542672, 23559.54197571491, 23049.630581996942, 21827.083393145847, 21140.900286841475, 20207.695277582643, 18754.47270065684, 18021.70399896229, 17519.4774416654, 16192.58170346175, 15862.295225794674, 14846.911503017429, 14544.410875781361, 13728.59126737901, 12802.851567727826, 12470.248455287961, 11516.69277940109, 10982.036228127079, 10638.80212519584, 10379.268526432781, 9545.81607924579, 9017.510684835495, 8569.638571497164, 8112.072613208401, 7803.987287461416, 7575.636254889861, 7052.987362946471, 6628.14168527603, 6394.750601161195, 6017.324593474728, 5900.095063218661, 5538.203545974757, 5144.41065443112, 4918.474648135645, 4679.975822637222, 4433.926782232946, 4187.817376325449, 3966.000229191671, 3867.8083555703665, 3699.543692540818, 3440.5502487577814, 3289.0937178157287, 3191.044410091466, 2919.1533566234334, 2834.8792181887143, 2740.635754986621, 2569.613365750419, 2445.208676163005, 2301.650790922154, 2168.0478815020538, 2066.741627866832, 1933.3075274274925, 1879.7781964266644, 1788.320123348124, 1662.4506743668132, 1616.2320268331812, 1507.6786203339107, 1436.0700340732167, 1352.469265277867, 1307.8740263729903, 1213.0775675884008, 1229.755208870766, 1141.5895030133063, 1071.3025295750076, 1022.5177151422873, 953.4805674369586, 906.0016685289105, 849.826485676378, 829.0314400723829, 781.7977303670168, 745.642460459878, 737.0239546660547, 669.3527045934796, 660.9787056156262, 627.4378199917614, 602.3364819384182, 579.2993390784069, 527.0271557885034, 509.99184619179147, 490.60884346069673, 454.6430307778822, 438.1908922901643, 398.75472542092115, 384.35340935445953, 363.0989619478487, 346.7899378235495, 328.9330249904525, 316.6144570801684, 299.3389247124808, 284.2820567587897, 273.5328319820641, 260.02862694692857, 248.53796422348327, 233.95736036221106, 218.16610769713702, 210.60842822461038, 196.40969736637774, 188.06877755463134, 181.09654706291727, 173.482647132408, 164.0613208788267, 151.0112293820382, 147.2008544270963, 137.76516103670934, 129.47856238297447, 128.60552484920177, 120.96022956947785, 115.222589862169, 109.76355335400332, 106.80936763456431, 97.47155033355715, 89.26003417126947, 88.8828716386554, 84.28322094862416, 77.7046015854214, 71.92764956798777, 71.7831334139306, 71.05127936677454, 63.01168367210271, 61.33353043690976, 57.61197026066279, 55.140693978983585, 52.983569065440356, 50.23734290649572, 48.252303219693566, 45.51181932554882, 43.93707018480407, 40.55229574057443, 38.31235824506934, 36.37091388577056, 34.52510750571137, 33.22318194220518, 30.845672129339764, 27.841610178966352, 27.84979185034274, 26.845779879791124, 27.058771346875886, 24.666326213881305, 23.86649696082017, 22.70177046554883, 21.67463409615559, 20.15012968701274, 20.37531072957907, 18.379829890035573, 18.465405451886248, 17.073683311229136, 17.162694750790582, 15.810264859263837, 15.490933062118009, 14.555369384613703, 14.409254656149955, 13.211198838587, 12.29630538651035, 11.290835425080237, 10.415678851787836, 9.949074749274347, 9.544767440842952, 8.768741179977393, 8.395486371279654, 7.982062952617668, 7.340156655533868, 7.250581881195534, 6.715418209438682, 6.315024467464586, 6.232590869278681, 5.5804117790863925, 5.256448580128211, 5.033765651430819, 4.909747163977644, 4.399469866595348, 4.283804715364197, 3.8848234185080135, 3.7612205227265574, 3.4894928410553194, 3.3714129652301175, 3.0371036931646906, 2.827698770731052, 2.6622063672453096, 2.5937601819073657, 2.284107496361889, 2.2160085999455172, 2.086190435842345, 2.1627411679878934, 2.033018671133478], "succ_ratio": 1.0, "avg_time": 376.75335301316665, "std_time": 0}, "53": {"tries": 36, "successes": 36, "timings": [617.7280987559999, 708.0724527289999, 719.8728150449999, 614.1895214860001, 739.5980677570001, 736.2958875620001, 711.2428582320001, 749.088053955, 709.545584994, 707.3637297000001, 466.54609516200003, 527.9767334830001, 716.6607710169999, 706.5780480820001, 713.4948448220001, 743.93374915, 711.582356809, 705.8504465450001, 743.5507925499999, 736.0329225830001, 709.158477752, 716.34779843, 712.954025718, 661.7368029269999, 655.271761881, 667.0192633259999, 663.0278419480001, 645.7117081450001, 520.3371290580001, 659.0330259649999, 651.737999724, 666.6989252529999, 645.1260849079999, 642.9618908130001, 650.673097717, 650.1579232040001],