{"small-bg-n72-tau-5": {"48": {"tries": 4, "successes": 4, "timings": [49.649332406, 49.875666366, 50.048033283, 49.439140851000005], "profile": [155.25, 7843.82321667196, 7550.544268041849, 6781.583685967624, 6961.348938486586, 6606.4270032977265, 6154.776924096186, 5930.055584951892, 5554.390246658068, 5456.06524536166, 5392.691595107155, 4911.996981201476, 4583.980804280049, 4566.4172889643705, 4289.279075451744, 4128.6742496431025, 3815.475079418002, 3659.8820200926934, 3651.5657330863614, 3290.9927426621425, 3249.679728980369, 3129.029699828837, 3055.1554207248937, 2821.6854430521516, 2584.118818185986, 2474.8114187766514, 2399.3784994152456, 2230.8355911204962, 2076.593898194038, 2073.6404418913335, 1998.6548595496597, 1807.839732036901, 1722.3572136402368, 1661.1206974836223, 1570.147389917113, 1542.453785823305, 1418.7421005597157, 1515.2793463821195, 1325.998418545936, 1221.1719472150698, 1200.28923047993, 1074.0021484130007, 1048.9367632137084, 934.9403818176215, 928.8371792638848, 849.9178675321158, 835.2541941919699, 783.5148389668911, 769.3218818113842, 722.5531040270042, 680.8394964434564, 641.0953806683856, 640.7805042001662, 601.0784910149073, 578.957767747099, 520.4450555430092, 496.2612928456012, 463.71894040638165, 464.97226243651437, 446.711019562854, 410.6072252028759, 362.3651752416932, 387.4146311535818, 341.81208042766025, 333.05755956287487, 338.36720658188574, 298.20517760549234, 282.7261039505601, 270.51772813598427, 254.08965265029124, 235.6748609870622, 231.7209710365671, 219.4761490487076, 206.05361500783778, 193.86380756963462, 182.85666289289512, 188.07750367753218, 164.7907097513719, 164.02246421295234, 152.0357696749705, 135.38959758705627, 140.34650900312496, 127.69372385789283, 124.0500408980019, 126.57262319359216, 118.3407584332032, 108.77180620956477, 99.83489360459176, 96.54928643456824, 89.8865286768843, 91.67522212831567, 82.92102792215485, 80.22491997939379, 74.67775931661978, 73.25224526477064, 68.05831964054919, 61.4968636702595, 55.700875147423076, 56.62823852904137, 50.25841949364235, 50.08326273513477, 51.19697710726024, 46.78378884744647, 45.23035797864805, 43.452396344578986, 39.02266603878799, 36.4433250079922, 34.87094895748388, 32.75872543719758, 32.50449763155234, 31.220348601350654, 31.64628301528572, 27.26863923844199, 25.62863675090949, 25.48601886549919, 22.72212802141746, 23.098505091172655, 21.092108189360765, 22.092315969176262, 21.083983666090553, 21.09914773112473, 19.669748585314142, 19.504456417842945, 19.895874372870395, 17.18748697872246, 16.25580021951315, 16.156746350594016, 14.699864355032144, 14.010795057315423, 12.852364908825416, 11.828187523653915, 10.962492494300982, 10.95480583584587, 9.662608363431286, 9.16399093693041, 8.431353546818245, 8.525393388528276, 7.8107671199738835, 7.912862476496274, 6.900180624733274, 6.715041494521271, 5.909165205449982, 5.863548368813443, 5.516412339706456, 5.646191324450763, 4.726484048943229, 4.855380540109492, 4.146060836034996, 4.08024745153554, 3.5360185348669075, 3.3378566368415656, 3.2597349845830497, 3.144877311147308, 2.8015211277899317, 2.765778064996084, 2.5018331806851783, 2.3652100929542517, 2.3834701558417866, 2.3000461274416217, 2.1672856250398684], "succ_ratio": 1.0, "avg_time": 49.7530432265, "std_time": 0}, "58": {"tries": 41, "successes": 41, "timings": [166.44281531400003, 165.75814087100002, 163.705769433, 164.092464427, 163.46356263100003, 160.204299329, 162.97850456499998, 165.81587186500002, 164.66861204, 162.86534819500002, 162.479016664, 163.26021318600002, 159.48145720099998, 167.481014213, 166.75096765899997, 163.01784335600001, 167.058967421, 166.28470258200002, 160.65088080900003, 166.702488319, 169.32711636399998, 165.386245254, 163.376253491, 169.435327418, 162.29921201, 164.15672879399997, 163.34116404399998, 162.90017331599998, 160.871701664, 163.40373931300002, 165.27950672300003, 165.367357186, 163.545708639, 166.39776672799997, 161.522651857, 161.19608481200004, 161.63509601500002, 162.34074730200004, 161.903474606, 165.21917993400004, 163.11482646000002], "profile": [156.73170731707316, 5593.141395609287, 5550.556800522886, 5439.084882943424, 5249.58014093422, 5001.580456054875, 4841.076014248659, 4683.6530945342365, 4471.420656424747, 4311.687579660336, 4084.3459491345297, 3949.7238613857376, 3759.0616502393295, 3545.4263416727117, 3410.4134070017076, 3237.3667117717014, 3085.120864773318, 2983.9205268667015, 2845.0497943968676, 2667.6886619356387, 2543.535135241991, 2431.742557284844, 2342.3488358057634, 2248.549860598071, 2132.170666639083, 2029.468393311572, 1898.0927868407068, 1838.3843323926887, 1774.503594369236, 1671.5270901616416, 1580.8666565775334, 1496.4001313475012, 1434.5568080695411, 1402.2292663309497, 1328.8052485259852, 1245.356467190178, 1212.5438787311225, 1138.3306190566375, 1089.6708897693832, 1031.8421653983987, 1004.7677479250763, 938.993266990967, 907.3120319641156, 852.7048624994331, 817.1625929573196, 783.1001178521018, 737.809502506567, 709.9259750931593, 675.0087674135254, 655.0694382599521, 619.5883604652724, 587.459076687764, 553.9267910086023, 534.6990821517359, 501.98088362649156, 485.91124144172153, 467.3967577780419, 435.28868852228146, 420.00641344412514, 399.7812804124192, 377.02049166462433, 366.8132939779048, 351.1116802540024, 334.13428190318444, 318.50496234472934, 301.3782851803395, 291.211476721148, 277.4067995663267, 259.84201224380973, 255.59485398011853, 241.0779324987004, 231.63057189360316, 220.515121114036, 210.62959946496125, 202.15473776993167, 188.51449707465514, 182.66414234337586, 172.8552801614406, 164.85781432068126, 156.8498445947194, 149.04003447027623, 143.90396650367447, 137.25098136205736, 128.79298645200686, 123.48614900714932, 115.68659602107725, 110.77942764927799, 105.75439327273477, 100.82246377719967, 94.24583541492822, 90.25234171404068, 86.0485116966415, 82.87172633855816, 78.1556438084295, 74.01416770698785, 70.89671596528719, 66.88586893890782, 63.66466696129109, 61.17144221403966, 57.82291077030162, 55.58680641391008, 51.938645906920634, 48.99771847961689, 47.30932850239631, 45.761822593750416, 44.32936768533752, 42.780115459522335, 40.69729436245473, 39.51134022270757, 37.953583534825384, 36.46836481483271, 34.373354171624456, 33.06820479597197, 31.755614620122486, 30.972897804771662, 29.54686903737159, 28.38598651721992, 27.02894747670801, 25.941926291839494, 25.214259049959367, 24.44758027479582, 22.655784294292612, 22.033769699510355, 20.838222833923606, 20.353735169350443, 19.54344841272055, 18.316296745619034, 17.26026811344843, 16.049921097468253, 14.83456861106866, 13.9109966018714, 13.082222409052001, 12.37313480762852, 11.884503692754429, 11.19744971785501, 10.39733025868978, 10.097714894793022, 9.454227284983297, 8.938241978311774, 8.268298601652985, 8.077035635454276, 7.331170149280793, 7.260531016241378, 6.672268559572382, 6.448512808359364, 5.861342638518015, 5.70052841402815, 5.225886660905326, 4.939317993294752, 4.677301105252538, 4.5099227004309705, 4.071528552898595, 3.8452285796606938, 3.5656370997024553, 3.4927556792208705, 3.1820685233625925, 3.065889607888846, 2.7901742237904656, 2.7851323078136163, 2.651296791620082], "succ_ratio": 1.0, "avg_time": 164.02885370756096, "std_time": 0}, "53": {"tries": 27, "successes": 27, "timings": [93.59456967999999, 92.180680435, 93.482579907, 92.89105878, 93.82248041400001, 92.350618048, 94.92504057000001, 93.22217055299998, 95.236185386, 93.298944432, 94.587232313, 92.86714121, 94.095495632, 93.512081646, 93.90109645899999, 92.332257159, 93.89697108, 94.69626760999999, 92.60747282300001, 92.55427970600002, 91.54825457599999, 96.83897496000002, 95.834863818, 91.060543616, 94.293921168, 95.125692927, 95.68909948],