{"big-q-gauss-n100-tau-15": {"60": {"tries": 100, "successes": 80, "timings": [5605.139439304, 5732.42718073, 5647.506608467001, 5742.104988807, 5626.602609316999, 5575.3700302120005, 5621.509039449, 5613.78496336, 5655.43218464, 5599.954201185, 5714.211375883, 5719.597473774, 5680.681057852, 5648.016827752, 5674.409273422, 5744.027709473, 5667.586970751, 5587.671876759, 5691.512478027001, 5655.659920644999, 5647.1744386109995, 5782.743762135, 5658.837806171, 5678.38437849, 5588.306535336001, 5639.823140585, 5714.334381949, 5755.772131042, 5734.359349887, 5693.8192998899995, 5615.786472486, 5622.094587750001, 5600.907566913, 5506.955242586, 5653.925864571999, 5604.0638117650005, 5583.780984217, 5644.16630521, 5614.054662318001, 5806.486677795, 5744.646261652, 5642.783182382001, 5591.817685416, 5639.504604313, 5660.698548542, 5676.499620623, 5689.312981898, 5635.776819931, 5721.605532441, 5751.533313647999, 5727.0846338460005, 5621.915553473999, 5593.292548336, 5709.000105699, 5738.098136152, 5652.959521506, 5685.463317954, 5705.659717406999, 5625.416453571, 5669.568845756, 5701.173040797, 5659.848834058, 5520.735127956999, 5607.197406511, 5664.0636544280005, 5715.944657272001, 5628.329853138999, 5711.436011418, 5629.786561413, 5709.888267227, 5731.192217518001, 5659.8031951699995, 5617.56480578, 5679.966484205001, 5735.949007585999, 5576.3010117369995, 5668.174044456, 5675.9181081980005, 5715.415935016999, 5644.569076039, 5708.097124246, 5737.989871072, 5572.930095973999, 5691.520018998, 5616.86989603, 5582.220379754, 5634.540352869, 5601.275742497, 5711.542126026, 5596.8279250900005, 5632.487378045, 5727.613392819, 5521.983611181, 5640.278745468, 5666.674324035999, 5715.4774244, 5780.098069134, 5552.545513428, 5671.429404043, 5683.081134151], "profile": [89928.11, 435041.40556476684, 424611.7081781894, 411656.6323334694, 400866.5991884157, 382429.6397468085, 371850.7160247444, 354395.1000247386, 337981.045253564, 324302.39612699795, 312391.5222861642, 300026.9975858271, 284174.40198641835, 270034.1788455531, 260113.54524077137, 248591.6640449885, 238753.583407856, 227359.66057085962, 213952.75611603563, 206382.53826469873, 197134.2382629422, 188285.57886391587, 180584.67791481686, 172494.7576768321, 163156.89363756403, 154953.37325349278, 148330.2067252749, 142219.38051265286, 135247.4610762047, 129760.36687604604, 124073.20010123828, 117870.63155831842, 112762.26559696898, 106790.25169676999, 102984.37595636105, 98367.86941770121, 93702.67062704597, 88504.78915111406, 85592.53571310073, 81193.25880062576, 77707.8495754288, 74418.20955697825, 70119.70183577169, 66950.8214635556, 64046.156882048395, 61144.023521453484, 58837.035572952496, 55661.489565610296, 53309.3412958673, 50498.796270492814, 48212.440896782064, 46120.50099233472, 44055.746094750386, 41941.98882063959, 39815.34612360273, 38393.13192698946, 36555.467791891584, 34730.29677544396, 33384.90331300354, 31788.52396767898, 30188.945021694028, 28843.3717668773, 27620.347029157885, 26469.843681390394, 25125.853593498232, 24000.177069050456, 22915.459770175723, 21698.855041347688, 20812.24865647588, 19898.67760242659, 19152.4863782114, 18163.659658714125, 17312.113768430554, 16534.44120285223, 15701.606202627463, 15111.910488928086, 14261.116481653273, 13677.87140520164, 13097.646305344153, 12498.117897845348, 11916.78386706189, 11443.563578806512, 10910.436547614707, 10349.055754800213, 9957.140281397142, 9470.663869670318, 9053.05581656311, 8561.56378522534, 8193.451788408933, 7820.379012735992, 7485.147429703193, 7086.734668766632, 6818.181620250531, 6484.4830455779775, 6203.182909426928, 5941.189169422203, 5658.599150468113, 5354.225290995761, 5175.075091242588, 4943.252344862824, 4637.643647100774, 4490.054114423788, 4256.968667356771, 4077.9144891897986, 3886.819525299637, 3691.3031816124626, 3531.316197147613, 3370.888781398556, 3204.967560506528, 3039.619806910721, 2905.8581925653, 2750.849606421267, 2660.368452029561, 2521.304202225291, 2417.8561279517417, 2306.423278044327, 2214.859235974304, 2090.834010780522, 1989.2021937099414, 1910.4738553594016, 1817.9461769192408, 1747.6256927613742, 1669.2299900107748, 1591.0505598015434, 1514.0515387096498, 1455.3350747522877, 1390.7103763592968, 1330.21479352296, 1266.418876986411, 1212.7124867847788, 1155.1614706103749, 1101.6111762989865, 1049.9687346486653, 1003.6522459759539, 958.598885392819, 915.6903993388073, 881.7890482532553, 830.826024944721, 798.3918626771068, 769.8655934920871, 727.2292626609606, 697.3301415280449, 668.4602537625797, 635.7789990515644, 604.9102499234868, 574.3459967085233, 546.1103410634917, 521.8970706270057, 499.4931279763984, 476.6346048121792, 453.15668621800955, 434.3179616139433, 412.6123097081581, 391.6131786854322, 376.3925923583421, 354.94867609039756, 338.82875773148095, 321.841437007429, 305.3110729567676, 292.0785739126963, 275.69910140441846, 263.82307630888937, 248.76691061683167, 236.7388326601198, 227.66549064683218, 216.44431575895942, 204.9189924956605, 195.25567084603256, 183.69833660353018, 177.21017771546087, 170.4834338479917, 165.76337200575304, 158.27751385688165, 152.47363421417975, 147.1649907862974, 141.5406704591223, 135.49398531222724, 130.8040404875238, 124.82655865716956, 119.85644094451482, 114.82435939122792, 111.54991961422007, 105.8652765187372, 102.09223697267835, 98.24186042192132, 93.51987386075156, 90.03277296590782, 85.92716162685912, 82.35123261339453, 81.28752493021562, 76.28134136209118, 73.92111953812837, 70.07364276210829, 67.77088569616554, 64.34210840001306, 60.679966303477585, 57.3312509577411, 54.652692768150075, 49.55074136941805, 46.27592401048686, 44.83435914104459, 43.1721596164574, 39.33049164608465, 37.550865226014665, 34.857840617604325, 33.77065468885607, 31.484771599366407, 30.47740912776115, 28.044074712662045, 26.866230898203785, 24.604231803628526, 23.796086796387065, 21.85987242525074, 20.92374051222532, 19.473876700467716, 18.547644186839605, 17.273244105093337, 16.74002491064496, 15.385551463611591, 14.87861414554545, 13.627363673689642, 13.044576145521733, 11.82943516297453, 11.312905098519138, 10.445977699972948, 10.006573977139029, 9.450676611021377, 8.922475992521084, 8.850204197307114], "succ_ratio": 0.8, "avg_time": 5661.303608232512, "std_time": 0}}}