{"small-bg-n93-tau-15": {"48": {"tries": 5, "successes": 5, "timings": [246.95221326600003, 247.325890772, 247.60603408699998, 248.864165731, 247.527480588], "profile": [182.4, 42467.483591044474, 43657.31836371198, 41131.33567813548, 40615.846515840545, 39596.34361456422, 36212.01040676968, 36368.84596992803, 35284.911915161196, 34743.45618636314, 33378.16639715188, 32166.088629943075, 30226.253236820154, 27439.097784549765, 27673.295546632417, 25874.643195832505, 23865.533431855314, 23287.388436422665, 21802.632351348897, 21294.80500997572, 19502.114638721047, 19419.627148167616, 18656.85825323307, 17865.16159648742, 16756.909017274076, 16049.626930154223, 15750.628008958893, 14378.05689578518, 14398.08426295538, 12683.163592921657, 11986.98120366653, 11588.240930427992, 11367.230492447881, 10781.160023972796, 10173.579363109813, 9664.550371717085, 8492.106967864016, 8600.982916241086, 8117.144731488976, 7998.5265663374275, 7452.915919460242, 7254.98813848397, 6994.387201512582, 6458.5144633514155, 5826.7553847512445, 5321.465630345946, 5360.4305234900885, 5235.596020216962, 4859.833305051278, 4554.817177957874, 4380.1563657575625, 4188.866779143347, 4024.7861683223514, 3936.1592420500806, 3692.0136592596114, 3505.147646123484, 3318.438203212236, 3153.1373038152715, 2976.077034809014, 2910.138231810163, 2634.1448788432695, 2495.8110704018777, 2434.4652521648604, 2302.7555390292055, 2103.4865123913987, 2067.913323369833, 1892.6241426604524, 1817.622558034119, 1767.6240640761207, 1699.131263839186, 1695.0243898761291, 1544.2937703260625, 1465.5976518211178, 1433.2843595834656, 1275.246030561943, 1218.5560560627532, 1170.8096875426315, 1180.6076785948069, 1039.2441872144566, 1012.5272051113495, 960.7289744168318, 887.1794754077233, 856.7348040159198, 833.2734188241513, 772.3955548811133, 717.2569350617315, 675.0608803187343, 681.0050087998349, 627.0759938279618, 601.5924881887192, 551.0125417779334, 533.599583612931, 509.03820304059843, 497.9978917328399, 456.56886632772347, 421.8951637200922, 417.5406300727219, 420.84696674134454, 383.10307977405887, 372.45549719394864, 360.1767448296422, 329.66890136153546, 327.66044816564505, 307.9812069603714, 279.77633785343835, 269.41043902296246, 268.68889711089616, 245.02450978446905, 225.99023207409658, 212.5936980631127, 204.03166402259703, 205.35041225566562, 200.07164929491677, 181.11681824491615, 177.9463772371136, 169.44145471128542, 154.72892217499378, 145.29391162250198, 141.47119580896404, 142.45755816475608, 128.35159113943126, 119.71857929675495, 116.22462011860338, 106.82895070733528, 99.76979004057549, 97.70294315085313, 92.20280678280133, 87.38654009201811, 81.40377972491152, 82.54994460200041, 77.80023769165156, 69.80002978537846, 67.17668914212666, 61.883909517875715, 60.198155193710804, 57.81489605715425, 55.27637373019853, 54.206582674774474, 48.31473426700318, 50.589649993944434, 46.42645755706844, 41.6824890299781, 39.65856839172702, 38.23728225897162, 36.97250197302816, 34.64952786864548, 32.63508684661652, 31.447228489316455, 28.564027075963025, 27.32377902745386, 26.934253961586535, 26.75911348392872, 24.954998695549925, 22.329667319613872, 21.876672462173648, 21.81952526277209, 20.711374141446345, 18.71657583943749, 18.52191855135001, 18.623066880466475, 18.428190347645227, 17.26359403878065, 16.902720132418484, 15.909445559672426, 15.291120982279187, 13.933268062456767, 12.625010102563781, 12.565246563688833, 11.353008921323923, 10.070660813176119, 10.176536905879972, 9.763835294655117, 9.047670367706642, 8.499581311155916, 7.947022427174349, 7.709591632235996, 6.949425776583236, 7.016276591853699, 6.1123748352400735, 6.190644408605305, 5.449445854293112, 5.049169744330021, 5.153364287753128, 4.957643120526937, 4.426736812666768, 4.171916025889298, 3.7526078243665517, 3.6145815338796665, 3.409055818381934, 3.260391944015737, 2.954539576518313, 3.051884938018996, 2.604546869023193, 2.4552673046796696, 2.2935756039228776, 2.3113886971516857, 2.0051755894778345, 2.0325907631588676, 2.0077165911437893], "succ_ratio": 1.0, "avg_time": 247.65515688880004, "std_time": 0}, "53": {"tries": 38, "successes": 38, "timings": [452.541214801, 451.67117808300003, 450.63768780199996, 452.368425088, 456.41315104699993, 451.08164966999993, 449.371077143, 452.63088124599994, 452.99009383999993, 457.792276144, 451.554504264, 451.018957798, 453.8756617860001, 450.582218428, 455.034160278, 450.98862442200004, 449.86832748599994, 451.72931501299996, 454.069327356, 449.68077326900004, 454.60036392699993, 452.581680615, 456.55358133400006, 455.35314223700004, 447.54958891599995, 451.641375037, 450.468190153, 451.718749412, 454.807965314, 449.41741739899993, 453.30214401800004, 449.54235652100004, 451.48307216000006, 449.121574202, 451.68261110599997, 451.30652623099996, 452.17591428700007, 449.0171690000001],