{"big-q-gauss-n100-tau-20": {"60": {"tries": 100, "successes": 91, "timings": [7438.025359564, 7468.552882277, 7511.726820817999, 7608.344852803, 7550.759230395, 7541.491500478, 7598.137623033, 7541.092233012, 7623.2445569189995, 7651.3469049000005, 7565.402114368, 7712.559211787, 7561.742516614, 7606.131450008001, 7622.406404206, 7632.101633829, 7597.897478965, 7713.941122566, 7545.19217425, 7703.769547239, 7552.159981948, 7595.234197624, 7669.704941119, 7496.987598481, 7682.168371394, 7645.19635386, 7681.376163719, 7594.144706668, 7692.192806877, 7604.239840801, 7464.449731467, 7573.456578344, 7514.671419452, 7571.457080082, 7516.959367139, 7490.393845644, 7448.273227621, 7721.040077207001, 7458.300638281999, 7592.280241147, 7532.857528789001, 7469.7871174150005, 7510.805285773, 7472.041710329, 7524.3083396950005, 7576.477855954, 7608.618948145, 7594.254795338, 7518.773876351, 7540.025186591, 7568.108027507, 7612.131283072, 7464.449142876, 7523.672343605, 7479.3166646810005, 7531.9638206, 7649.8145256220005, 7515.520710799, 7615.346506214, 7608.810221653001, 7498.943655742, 7700.062332802, 7376.959499029, 7562.726357265001, 7653.700589632, 7597.527250663001, 7623.948267788, 7591.502684223, 7561.091248203999, 7593.219349718001, 7591.298516707, 7576.068414515, 7512.341119623, 7680.844589030001, 7583.038308532, 7563.336610613, 7480.012667175, 7630.0361546350005, 7603.118510462, 7536.731110654, 7644.823073103, 7668.360828814, 7498.0160160880005, 7576.167165662, 7461.490304966, 7485.517370099, 7385.300133085, 7345.42520222, 7501.637805991, 7451.336640106, 7534.8316113089995, 7411.063400909, 7379.209390874999, 7311.162010282001, 7553.0562054990005, 7420.131188417, 7263.460988441, 7452.356037557, 7454.218111263, 7463.326414786], "profile": [38869.94, 414853.60599812656, 409866.0211414114, 391126.496111873, 382659.00935369526, 369916.98395101307, 358913.4690888179, 341202.27624558413, 328484.8242911271, 316570.5668609937, 302603.8238945164, 291591.75682304817, 279641.14164347807, 268526.5441484699, 256066.68239996236, 243615.20338234078, 234771.5189377038, 222838.3114461096, 213144.80678713112, 202017.78144969148, 194412.41854128605, 186635.4358420956, 177612.01375312035, 168769.88781005007, 161888.80648104774, 153203.48935183813, 147610.13019970985, 139982.35013472632, 134452.2652929189, 128456.1446229789, 121809.54531843004, 115924.03976863036, 110861.95387843071, 106135.58698102427, 101582.12804720024, 98164.08288998908, 92588.18515975858, 88261.72128081067, 83843.94820850696, 80459.22640960771, 76106.7363183997, 73332.1031849751, 70039.07540424974, 67001.78923196398, 63668.93383626793, 60592.00603380253, 57629.03948871052, 55264.44676592237, 52680.98110871505, 50577.382526059344, 47916.15463173815, 46040.12812817515, 43899.38460763127, 41838.509108635524, 39868.34500528162, 38218.23218130208, 36466.04174692151, 34900.48198753844, 33133.89277071307, 31853.532733482953, 30323.65068480213, 28679.82692952038, 27495.554239966023, 26647.293262388972, 25095.222375053097, 23970.068945963234, 22972.72300005531, 21710.911873411904, 20816.837649811438, 19795.7778467277, 18879.642345618828, 18133.74459788965, 17281.22830742273, 16508.53044411805, 15704.322386768694, 15162.971858776205, 14270.496516721214, 13772.323334958632, 13049.36210975125, 12417.376909668681, 11910.145341114961, 11404.841884704088, 10872.675010319741, 10379.477597458725, 9817.156743816511, 9392.416815775901, 9093.803034944962, 8605.135887228766, 8188.770831985227, 7770.656831228145, 7547.562353713042, 7104.594887666561, 6786.6361752196735, 6556.166736844419, 6236.503454261339, 5977.605486807803, 5602.273346823606, 5451.237044734021, 5124.954747750011, 4917.819294870371, 4670.510290199961, 4470.406436538946, 4257.529941630408, 4052.2935549887725, 3872.245112924732, 3700.358057992821, 3559.8377070702536, 3369.369028871337, 3198.512150648853, 3042.8440556596815, 2939.6813266031363, 2828.1750444103313, 2667.809048853566, 2542.3392105092244, 2425.5947415920295, 2332.846209271181, 2206.1622294308086, 2115.1888041964894, 2014.1095816895686, 1930.56242427834, 1843.759702064104, 1751.9365281661176, 1684.582543705248, 1592.1219803091321, 1540.7748268878343, 1470.0307491016983, 1394.3744401519587, 1340.1237245106688, 1284.590977007687, 1230.5987558325746, 1158.5426566153321, 1114.0055018005958, 1063.0708427062434, 1018.7406809972754, 979.7689985103925, 930.1131591027672, 891.366532553708, 846.6224039063381, 803.4572831549799, 770.2484533475453, 734.833266308561, 699.731597435539, 675.0189136535643, 638.8193818321429, 609.0886839036925, 584.4821539134031, 558.2009865806355, 532.3839737165642, 509.0138084470577, 483.6866425158688, 458.0312161217162, 436.10852775632907, 417.259578357154, 395.02638919823784, 377.37785141709355, 360.15280327165766, 343.04160950296574, 324.97905981689144, 307.34329389490273, 293.55397584101974, 279.09391024050706, 266.45496499045686, 253.1994987251893, 241.90912445322414, 230.67744413506492, 217.7434833651409, 208.02766004239248, 198.91449080742652, 189.2098600760931, 180.6224084191602, 174.33956449134564, 167.0303471932359, 161.00356509515336, 154.51150121407466, 147.73028217407162, 142.4979638841929, 137.86680282658398, 132.1759041150854, 127.18758556355047, 122.36987256125575, 117.73199646719348, 113.09818424374946, 107.87595534148359, 104.13717728613732, 101.02210622002913, 97.03634094359951, 92.3925711319962, 89.2765966805516, 86.44015518954505, 82.5859320475043, 79.27576418098991, 74.07784532978548, 70.24751444928631, 66.55886612931232, 64.66166435971412, 62.029111554052264, 57.9133204534738, 54.44741863019852, 51.366969196641115, 47.18822082908726, 44.44681819328138, 43.17382946495851, 39.55338906993551, 37.75634466605676, 35.69730963225166, 33.962812060345975, 31.7202036298618, 30.904911268100477, 28.378494292684426, 27.473474925398442, 25.20059055977823, 24.35350090976541, 22.223811550164456, 21.273180020737538, 19.893612572544853, 19.03034005000252, 17.627875643802145, 16.929897799699177, 15.620565276255439, 15.07748530900468, 13.727040479120694, 13.225098802261165, 12.17468608178909, 11.436780687496046, 10.464426174681488, 10.075825497846614, 9.361802130587852, 9.117178497407032, 8.922224778147594], "succ_ratio": 0.91, "avg_time": 7550.530338144002, "std_time": 0}}}