{"small-bg-n72-tau-1": {"53": {"tries": 1, "successes": 1, "timings": [19.693915116000007], "profile": [157.0, 9349.070063694267, 9348.685897435897, 9409.0, 9032.8, 8781.598656223483, 8805.257643538913, 7963.578775496725, 7572.586151091651, 6968.4362781252385, 6544.136774996671, 6197.708448613898, 6004.982838817791, 5127.541461322497, 5671.763922589471, 5129.134707535921, 4560.826860331103, 4520.563240974983, 4460.304516931932, 4098.1659478426, 3514.1938668104503, 4081.907638872445, 3569.9490555226766, 3334.402784302182, 2987.207348110377, 3061.3113716369185, 3140.6738929025087, 2733.6454012857293, 2879.723868192604, 2405.0919763677557, 2151.8722803230903, 2334.142353510797, 2132.3111386538935, 2001.987294376875, 1796.8087057855023, 1703.2970048615907, 1664.9307621815956, 1554.2572194635375, 1296.2620744719, 1296.1001038655857, 1150.7488426556552, 1169.3423512740942, 1098.3065698927294, 1158.6095943572755, 1007.8912635122821, 1018.7368750555563, 992.8452958843837, 932.486248336322, 809.1164939942457, 755.1460463744606, 669.386921075944, 727.337247902061, 616.4093762336174, 611.7021639007795, 598.3345769395796, 547.4735962969386, 525.4453889959036, 485.2482559951036, 487.5351217594127, 441.64654951177516, 395.2014902184291, 388.35206668800015, 381.07269068497175, 349.6435487861175, 294.6513210408277, 299.42265224346266, 295.5595717856692, 275.316181685793, 253.8398306045263, 243.01205165831692, 214.50424615734644, 226.38479128379186, 208.45770085462004, 176.31569775389585, 209.1384153946419, 196.09496127288648, 156.83353845352775, 154.1338135013249, 141.96372325111093, 145.65167736284195, 144.0711985928753, 147.17122303296202, 132.10258506251455, 129.39303002939167, 114.52240604119629, 98.33072244737757, 100.3086959419896, 94.97785108087663, 84.94975373168258, 78.77331784956685, 79.26941773848627, 83.10930597728253, 74.00538780703208, 68.52547598029881, 64.88401230805484, 53.11114129686064, 55.72320711443392, 53.624953497442206, 49.831207033699954, 45.81091556745256, 45.02249021509586, 41.905747688492895, 40.085161413621705, 35.68871652898759, 34.598317994677394, 33.35159774711991, 32.24573302159831, 28.331597871491272, 29.591464784675598, 28.56103062564299, 27.383168705559246, 25.282087399064007, 24.966258512632166, 24.466479125947274, 23.233058341129038, 23.2139547164621, 22.571215419507222, 21.812468635142835, 18.893614254222882, 16.70729844977207, 14.544310163553774, 16.561488630919555, 19.387161867667615, 15.547219494350575, 16.25328192681569, 13.355617406518524, 11.996409030566433, 11.775359476734417, 11.044156531322063, 10.8128466501857, 11.82840974479217, 9.3766472852617, 8.988004756756471, 8.634086564968147, 7.8250061743105785, 7.578847792653344, 8.810044692496497, 7.544945796869612, 7.444468894014398, 6.963070220469842, 6.8260432590039555, 6.177375350133181, 5.149720545003124, 4.864094001609352, 4.8358870861752274, 4.462063771768718, 4.379173019867308, 4.2009448566849015, 3.656455446096409, 3.534791138261557, 3.4597690618977492, 3.068639406067967, 2.8787942724434914, 2.7229693008928715, 2.7204463116544018, 2.2453820225036933, 2.2272582608981244, 2.0530694852922786, 1.6592894243471465, 1.9610254442606756], "succ_ratio": 1.0, "avg_time": 19.693915116000007, "std_time": 0}, "58": {"tries": 6, "successes": 6, "timings": [33.853350131999996, 36.27770793799999, 35.32867077900001, 36.067675492000006, 36.414948031, 37.394548654000005], "profile": [143.83333333333334, 8427.738764385436, 7931.096289113962, 7657.081571575, 7605.098761865854, 7214.309888786411, 6744.116826127113, 6290.372160759781, 6029.625538591412, 5655.560025258887, 5504.3711780897975, 5309.453908032058, 4746.9264842396515, 4684.523279407883, 4407.838238161422, 4235.178729286019, 4058.4110770875427, 3737.582734484006, 3627.6109346164862, 3359.9509214085106, 3260.7963659719376, 3029.2546977322813, 2878.592148171368, 2744.883004164416, 2595.520540385856, 2456.0341371424893, 2295.683611581168, 2156.708655394032, 2072.5813506517193, 1943.6002946382166, 1911.2780124163808, 1794.144186613072, 1739.8562931674132, 1635.1982945156935, 1507.0912839954233, 1456.3742887882138, 1402.5709454133787, 1368.6465378257192, 1208.4864212966916, 1205.7355156181154, 1173.4306899618932, 1060.2393923439565, 1031.8970322782895, 985.8719387159189, 929.9202968120263, 862.1077296966251, 770.2293798685336, 774.3226355797352, 757.9993698741855, 723.5414034478285, 704.9870523420474, 627.5373180092444, 586.622626223357, 574.287623980218, 558.8103798954359, 511.30009393333586, 488.41020327615894, 457.18095983952526, 442.8102143491457, 414.03432096104865, 400.8518105370138, 377.76843410732, 329.3573501841779, 328.22633655212246, 326.9213596870679, 322.4491810504064, 295.4530306178148, 271.80210773331265, 257.88551005097, 257.0371869774162, 240.76381716846768, 219.44928528837352, 209.60505642364225, 202.34656061539468, 192.5506670909872, 172.35059913783152, 170.17699082899588, 159.1505207138147, 154.64419026329367, 146.5180027093994, 144.28944486582938, 136.7008057988232, 132.7316884762794, 119.92712371476178, 112.50412210127432, 108.78618629368754, 101.66098742633044, 98.34499032829028, 93.63282430351246, 89.39721094984255, 81.49033833050505, 78.19050656832074, 75.56165516622293, 68.80476449369529, 65.87390354028712, 62.759312146019774, 59.541269842553355, 56.179930938527775, 53.02229703078086, 50.253756704871286, 47.78174614218679, 46.50655466259758, 42.05360771881804, 43.092558443796825, 39.31719209843214, 38.11742333303395, 36.26323383274171, 34.65798277955283, 33.85518153784298, 33.41895359174597, 30.558415047035652, 30.204915003118785, 29.433150644879262, 28.319367668181457, 25.877481060762644, 26.710667973423938, 24.295343748461892, 22.881809445937254, 22.65488774698875, 22.002967198092122, 20.06237574600868, 19.570285564735347, 18.853176121046456, 18.16916529422174, 16.414068273874232, 16.260460860932668, 16.63183119904791, 15.0264572192108, 14.252667199000433, 13.179772841101437, 11.511502826255855, 12.16021988979, 10.660516055629149, 10.216992479051592, 9.904715085562902, 9.096108212454286, 8.47055097332558, 8.013638198342429, 8.147289688253364, 7.364948883188993, 7.2669782707464465, 6.47563121531634, 6.183104609787203, 5.609167068037041, 5.362670142753231, 5.1816762593861, 4.90487307026838, 4.599340681861332, 4.398922609981877, 4.091533093930103, 3.9051713857107444, 3.509803488423636, 3.3441860845083475, 3.15627863902288, 3.0346127904843385, 2.806031990963199, 2.526704719298957, 2.4960510371282782, 2.3046223729283315, 2.2719084602466992], "succ_ratio": 1.0, "avg_time": 35.889483504333334, "std_time": 0}, "63": {"tries": 40, "successes": 40, "timings": [184.41048547000003, 184.920999017, 190.29584444, 196.543986436, 196.14433155899997, 200.339303547, 200.754294405, 201.787633088, 201.791449222, 198.96282961500003, 202.58304617599998, 205.81265125099998, 203.320185635, 205.16700055399997, 204.194777864, 206.43099584100003, 206.649574674, 205.75734465899998, 207.81950125000003, 208.51542550599999, 204.379416167, 209.445368219, 207.817340172, 210.162163201, 211.90965998599998, 211.676774443, 212.82045946, 209.27468400700002, 209.87798381699997, 212.64144792200003, 211.98927134300004, 211.586146478, 217.95260114400003, 216.40948121999998, 218.10921315399997, 222.35641198899998, 227.51273403199997, 233.75620316700002, 187.762023807, 204.901842127],