{"small-gauss-n72-tau-5": {"53": {"tries": 32, "successes": 32, "timings": [104.224130369, 103.905331455, 105.72507208900001, 106.10406650699998, 105.58632371899999, 106.522136166, 106.384632264, 106.38807025699998, 104.94314633599998, 107.35439474900001, 106.58620628300001, 105.83857465399998, 104.74457369900001, 104.25297127299999, 107.23513320799998, 105.86296063399999, 105.427202343, 104.829640776, 104.28333260999999, 104.15228980899998, 105.166986424, 105.60682732999999, 106.393929446, 106.52956139999999, 105.504290726, 103.42242722099999, 105.36931504200001, 103.45283016799999, 104.861025877, 105.36549553300001, 105.215867739, 103.00050452200001], "profile": [148.53125, 6387.134864468327, 6404.693632551016, 6167.63556563078, 5803.801422291479, 5648.610921186041, 5527.162150204764, 5237.060709568022, 5067.920627189721, 4869.691696910435, 4509.828239923267, 4376.652611359987, 4155.586290371695, 3943.4830199142416, 3755.100433093301, 3623.359407290092, 3380.814396442534, 3203.3834197916754, 3129.0249426543223, 2960.9368210749835, 2841.772072249122, 2719.324583964957, 2545.7483826001244, 2441.989375563248, 2342.6993508036394, 2194.936686501928, 2102.341314396351, 1984.387577672631, 1898.3916230045709, 1814.9076261734897, 1732.2437105022689, 1643.279144221852, 1547.1531153228652, 1479.5741552993625, 1432.7472786019098, 1360.0037226925103, 1280.3693214085042, 1209.791422955699, 1156.6205273756825, 1108.6810252760629, 1079.6476616330142, 1023.623021762824, 973.148015771618, 912.4492678404328, 868.787063655324, 824.0412159381502, 783.0979397096061, 758.9110061940112, 710.4027803563397, 677.4031042191192, 654.9925893544332, 613.3361599863323, 574.8586642636806, 548.3690708186776, 529.656429251743, 498.6347259944569, 473.6705119687267, 450.0003299959485, 435.2466693127792, 419.2337140896183, 396.5882707906454, 380.46736709967394, 354.2121482588133, 334.29736387252257, 323.1265911256791, 307.355120010284, 289.8171533914474, 275.399523360709, 267.4201481342387, 256.79216508575104, 241.92686848313662, 229.37579969015616, 218.19063411106936, 207.7713181874934, 200.57921569073375, 193.76744251877514, 183.31278420376023, 175.48481304753997, 165.616681028573, 158.4233257611798, 148.6350550048193, 139.8319843236432, 133.64162222605347, 126.83349640396897, 121.84646225414076, 114.17860484712564, 110.56888273154583, 104.37441319648946, 100.06583704513977, 94.4676263098752, 89.92536856433237, 83.6723859470785, 81.6415450660918, 77.84489727333263, 73.0198507304733, 69.69174771558224, 66.0540006154663, 63.60325257506291, 59.80003204525438, 57.166616960820846, 53.26574977266175, 51.93029052637666, 48.22062380396564, 46.219299557813, 44.31830292757077, 41.46881139995773, 39.691033241263234, 37.39131560708698, 36.331876813661715, 34.691071742713774, 33.89136344599944, 31.94813170029065, 30.67513085574708, 30.01893916312955, 28.110339596231917, 26.88082853891568, 26.33734415164178, 24.974711750005216, 23.603215086764134, 23.559969572758394, 22.263076284183743, 21.77147095261231, 20.40107442205976, 19.240812149349367, 18.58741025320861, 17.800783729564476, 17.172603192147758, 15.83201294101665, 15.172337664233485, 14.2106909207602, 13.023743226539365, 11.943291759393997, 11.668874890172685, 10.98691636810455, 10.278435675846504, 9.476146123355038, 9.213719305632235, 8.530134681290074, 8.429560990894487, 7.68353753972476, 7.5868567371174125, 6.990910625080366, 6.626649233704306, 6.0375782929038895, 5.878728871483231, 5.406438543319412, 5.154291518364908, 4.868159860657634, 4.717540148693914, 4.229071476215354, 4.099874736660224, 3.6889254623389434, 3.5714110149625355, 3.2921014227420096, 3.1299522699021165, 2.8787457158198952, 2.73151829646455, 2.6059826123108403, 2.502896384278527, 2.478013938754296], "succ_ratio": 1.0, "avg_time": 105.31997658212497, "std_time": 0}, "58": {"tries": 29, "successes": 29, "timings": [177.27656868000003, 180.051315638, 177.57227101, 179.132425712, 178.276878753, 182.37937345699999, 182.507647157, 178.393108028, 178.845549785, 176.64672747100002, 180.660263746, 176.97861665099998, 175.944373464, 177.14146285399997, 176.269549101, 173.426860393, 173.46553827, 177.56224358499998, 176.53207663599997, 181.001953153, 179.45142746799996, 182.35726083499998, 177.59423161, 174.327943941, 179.571118873, 174.07449292, 180.35030836700003, 179.68201643499998, 178.181712903], "profile": [154.13793103448276, 5608.339613712581, 5532.287324800954, 5388.422327633228, 5209.2350209706765, 4951.788985560266, 4822.733238282576, 4670.868457320324, 4417.634768322201, 4284.3877646863275, 4053.2935249906595, 3849.188361347167, 3675.495719317082, 3537.322665325998, 3426.3951324545765, 3269.231361326353, 3099.124556712786, 2939.928676418559, 2844.4104444375507, 2719.19988618865, 2568.907449999794, 2442.357251041174, 2289.368367343886, 2195.9900066098594, 2129.2632589725195, 2018.3848347662442, 1923.7697057760884, 1837.1758812305593, 1774.6022513168625, 1691.7555253230007, 1579.492750737356, 1529.2686652016728, 1453.6654855886375, 1376.881890739926, 1317.7458706866446, 1249.157992032341, 1200.4043428976045, 1150.5845248375138, 1083.5232035750998, 1037.5124486898414, 998.2385369518306, 960.9196434219015, 904.0853561883379, 854.0004973541909, 816.2441547105263, 788.6422484995666, 735.5465322409166, 715.0472048005115, 670.1787121630753, 640.4709979083282, 620.1439872184535, 575.2495902960511, 550.3912401828777, 534.1528691155766, 505.3162045115537, 494.4157288343271, 465.5669719423658, 437.046477995284, 423.3837827173372, 395.95322780633063, 382.8946883790524, 368.8838189577109, 348.10387486393375, 333.16237819309595, 314.9182866362036, 300.89521608912514, 287.969347515996, 279.8252190086166, 266.99228972355456, 255.0710035046864, 242.32738232502285, 233.05170888609882, 221.76985487375867, 206.09901246478023, 198.96860579419638, 190.22956340312254, 184.17531452185173, 170.71881872987709, 164.0019364386101, 158.82531338515972, 149.5420214012577, 139.98794758737228, 133.54851630159882, 128.49394583014893, 123.30449768669938, 117.21629177471792, 110.4871439942493, 103.10825052582399, 99.72826804501666, 94.29393182148357, 91.27912638950171, 85.76040709098784, 82.80627039258619, 79.06138935713115, 76.08552440927204, 71.56529454283333, 68.02051005018801, 63.99813057127302, 60.72859176807464, 56.95718346648676, 55.06779922940255, 52.364207964409154, 49.65854934200046, 48.090124526291646, 46.70525531863455, 44.10387474336785, 42.75005214712734, 40.69165304614458, 39.53389497209871, 37.79741626665374, 36.604125053469886, 34.847528831675014, 33.51057703840254, 32.57293352412812, 30.897554588869827, 29.364563589802287, 28.703517754687056, 27.610050724145015, 26.122567734116295, 25.3619977896474, 23.558971952179967, 22.836497546537224, 22.08798166146793, 20.897345295895548, 19.252859712001126, 18.804910528795176, 18.464199177879397, 17.491174228140384, 16.178328583986033, 15.28810441678763, 14.148711168328287, 13.323721898665625, 12.944851709564814, 11.651905096074987, 11.259952710637434, 10.346814299033307, 10.028123975797733, 9.24819452815005, 9.205731328250925, 8.340640540550472, 8.241287189400554, 7.526817489292581, 7.331526788944773, 6.794400092613124, 6.382690539396776, 5.910687055392083, 5.670694149381895, 5.206389966733717, 5.076992689746728, 4.655616923838895, 4.5327892905261375, 4.102261521830034, 3.918010285677244, 3.554559797792788, 3.4002460808884925, 3.1426508878676467, 2.9578852722383386, 2.7484589013786453, 2.7139374847102227, 2.6605732777569218], "succ_ratio": 1.0, "avg_time": 178.1260454102069, "std_time": 0}, "63": {"tries": 30, "successes": 30,