{"small-bg-n100-tau-5": {"53": {"tries": 9, "successes": 9, "timings": [203.853934963, 205.411701303, 204.99125511900002, 206.731635796, 207.86436570899997, 211.15002023899999, 211.708465637, 213.30660708300002, 212.041686442], "profile": [120.55555555555556, 41063.85711037434, 40458.863509035575, 37843.095493187626, 36879.82050414163, 35796.824913988305, 34139.73733096559, 31804.602084297785, 30379.67262072665, 29130.22273443242, 27046.35452702405, 26339.790721373145, 25623.39938664071, 24600.648255632303, 23022.999061605187, 22136.83379080108, 20740.65295802964, 20092.279635408428, 18321.479549776446, 18287.17737453896, 17045.272575237937, 16015.232857109448, 15154.274685689228, 14860.940884787988, 14158.958492521102, 13073.650096773063, 12708.691046484506, 12278.15919756982, 11439.00621992817, 10792.772902611194, 10563.955679941639, 10048.132966823636, 9307.74346190542, 9110.637434608234, 8659.240776140477, 8300.001231053257, 7905.735402021143, 7321.684427748672, 7090.24525668242, 6861.203011620283, 6252.0439825348785, 6153.763647891617, 5678.275859931626, 5391.542209752821, 5299.002893554961, 4913.307285206292, 4648.350176038088, 4435.197448333351, 4124.924057645996, 3980.8263402867597, 3746.038317845044, 3647.985056717792, 3478.6221750401264, 3382.2744500640033, 3120.9947249081692, 2988.9644093396723, 2785.6897707470944, 2539.325864170426, 2581.876557542129, 2497.7980497996346, 2368.7779686121867, 2199.694025164992, 2169.2424906393685, 1982.2850682765556, 1927.5009935420655, 1860.9871997578202, 1723.5606924605224, 1666.3351497997162, 1571.673212907972, 1487.866302426604, 1399.6097362101743, 1345.3785226596872, 1298.0319094602817, 1256.4871951859752, 1191.59169956367, 1105.0201940255656, 1059.4066720786348, 1024.1576395500479, 944.996910432543, 890.3856526216164, 866.2050112668917, 850.6258814379084, 801.7735972222519, 723.711591264823, 701.1989850048899, 663.3580773938729, 670.998139993508, 615.9169669374014, 596.9002008619674, 550.4667532573707, 519.3988978075483, 500.0910044910363, 455.0880778867323, 442.83721833037464, 435.90374579578753, 415.4600079418665, 392.37676927842233, 371.6044545361969, 343.3789227666331, 344.1547314654324, 317.2179452477898, 306.1387267298744, 277.57820426644787, 266.3849453584316, 267.2693590205516, 251.130701565614, 239.0523086490164, 223.7854510383674, 216.1742938502808, 201.29378643232442, 193.26232111220898, 180.28981091989712, 172.6227764162745, 172.70103513712212, 160.0394296022961, 152.43695634082286, 143.90886902406493, 137.11014235587143, 131.03599008255387, 122.99237565617116, 119.15726541036591, 112.8041943771129, 108.17497480375768, 98.3391251363095, 98.18122952080516, 90.13778967453504, 87.15610244579669, 84.81264453248691, 82.10816172228876, 78.17928284871576, 68.29860188240747, 70.12775135262524, 65.0373458172231, 63.09267741655227, 57.711423718786904, 58.65509012365261, 54.95751170935435, 53.163078394050636, 50.474468214801036, 47.68548117778144, 42.25728558730478, 41.81276870116421, 39.42713630804079, 38.32839562001407, 34.84334801802761, 32.879648094215895, 31.53240470163381, 30.290874782263092, 29.249782328266487, 27.145871581955774, 25.459325191473212, 24.15062357968621, 23.261221050565677, 21.978481649945408, 21.198361034863524, 21.549472050685786, 20.599501424074973, 19.236329224341187, 18.542096220216944, 17.781802699776847, 17.057831521647856, 17.471864043312955, 15.344021224537771, 14.745968135761482, 14.586832014068944, 13.390241101265199, 13.115729241375421, 12.074047733140578, 11.174216059219667, 11.050794079505074, 11.037562114487875, 9.953500212339643, 9.786956354198226, 9.316312622539762, 8.652063045268466, 7.629014871310706, 7.4351936177985305, 7.425329251152892, 6.859162993734944, 6.3657063322604, 6.118687028834066, 5.598026401674617, 5.2240383141000635, 5.0828057848668005, 4.743839013417632, 4.598231145321664, 4.385523509151499, 4.1433213245512075, 3.845011012783096, 3.69801096210123, 3.4210268602457656, 3.3246964413810494, 2.995688269094154, 2.936229408068674, 2.610202582810346, 2.6085531700812497, 2.3357679000007874, 2.2572756278054573, 1.9878842319725238, 1.9603845953412693, 1.7454125794121473, 1.7192195755096293, 1.6111941732246013, 1.4724660661629911, 1.4377975622939951], "succ_ratio": 1.0, "avg_time": 208.56218581011112, "std_time": 0}, "58": {"tries": 17, "successes": 17, "timings": [332.55975424999997, 340.25264999300003, 340.999551955, 340.61503104999997, 339.89886389399993, 344.67292898000005, 338.17480495000007, 342.625750916, 340.54110729399997, 346.08476844100005, 341.405582148, 342.695213185, 340.04410629499995, 340.405831089, 341.76895838, 346.69215066499993, 343.963425207],