{"small-bg-n93-tau-1": {"60": {"tries": 9, "successes": 9, "timings": [120.36787695700002, 129.58068859300002, 129.76717146899998, 130.859176685, 133.625437805, 131.586851218, 131.39837967699998, 140.757073237, 147.668291243], "profile": [185.55555555555554, 46880.08057384721, 45746.10546808762, 44493.730723164816, 41506.76810659663, 40315.853781183716, 38172.292155675554, 36404.936796781774, 34499.34677492209, 32665.360800831055, 31537.19383846921, 29517.595661366908, 28597.555626142672, 27050.21245310673, 25115.176914330284, 24309.911778621874, 22568.15184445059, 21858.575113060695, 20964.391750366965, 19678.967431538025, 18718.689440844766, 17716.33453860054, 17147.580019291978, 16498.93225654717, 15914.944875860798, 14991.725715270062, 13928.277297546878, 13236.682205452295, 13258.173507426854, 12376.63343717463, 11815.290718344579, 11224.451400654027, 10731.88122690295, 9979.939327956314, 9717.884775656692, 8633.362781658005, 8621.802642495444, 8025.996601660228, 7681.131977198251, 7042.347642598679, 6705.353559869581, 6386.666888430469, 6397.909068694207, 6113.513884909129, 5775.219761545849, 5501.654446697034, 5085.936474684372, 4963.214878562535, 4591.96256161339, 4267.564431862878, 4220.968320587937, 3915.5132232809265, 3726.001382166025, 3653.6402401608657, 3350.5253656308882, 3226.476795004485, 3113.775552577534, 2886.954573663342, 2805.828700923963, 2690.1108610964343, 2478.1249742824093, 2353.6385028541094, 2279.2049510063384, 2136.4061192357985, 2184.532514380294, 1963.6530143900081, 1829.5163305643703, 1845.3989325757875, 1679.0261623010895, 1663.1317104671762, 1538.401420344734, 1433.9390248754246, 1278.4807363892303, 1298.2612492976882, 1249.1781020109638, 1191.732922911625, 1128.8096713358289, 1074.1552172209608, 1007.1107367971337, 950.5342772501073, 878.9624716202409, 864.3422868376068, 810.0260969664309, 792.5756034987895, 739.2677293641805, 684.449408191714, 635.3978150629453, 624.2345447673714, 587.9065509888663, 566.2744371387098, 548.299069642361, 520.204749524451, 502.53468825971476, 464.79933569921843, 446.0355397826115, 428.35092575070985, 395.82242218128624, 374.38319630281103, 369.4820235033977, 355.37129708611445, 346.02917983330383, 325.2792602539795, 303.4851367466979, 290.62153861914686, 267.15278493683144, 258.4824647600082, 244.23121805818508, 237.0863824986906, 226.24539375928745, 215.7219433532299, 201.39288644233935, 198.35560472692313, 186.67503039062237, 178.6105246186272, 166.54101033360257, 158.80333902449377, 153.75203486241375, 142.59916164903825, 136.78156225060263, 131.53748736209684, 124.9072669316355, 117.8890705943132, 112.57589331825875, 106.13236500174325, 105.33205431852213, 95.81393046965293, 88.38914694215006, 84.04895394495404, 79.40887736302108, 77.8977676691123, 73.23716904617288, 69.56879385377648, 64.9438715319678, 63.437533685597344, 59.489197161299586, 54.158898343967024, 52.747017941591714, 49.345410638126886, 47.79235180384549, 46.488209001749674, 43.15203652044857, 41.628259613412645, 40.82168040431458, 40.044788269275436, 36.535719538257915, 35.81409820967528, 35.013278234013505, 34.437172458876404, 32.29629473621607, 30.666587662701165, 30.179480776645804, 28.965196052721314, 27.578608381103333, 25.603186149393004, 25.100715073827146, 24.153701062024993, 22.85524190623582, 21.789593711827344, 20.328363137864066, 20.42210784265213, 18.975657089987962, 19.56356104149479, 18.433170104672218, 16.952419923119784, 16.46358042217203, 15.353821953081997, 14.320239941296254, 13.8941122822528, 12.767758641403733, 12.040424711920641, 11.473615884442369, 11.29265345808716, 9.885637433557516, 9.438043027973297, 8.593280606500063, 8.430185358148883, 8.080422875210974, 7.790451275042626, 6.966826241832082, 7.124108229305231, 6.211173026057383, 6.143360587113524, 5.460352352148721, 5.336922112214857, 5.070854258394808, 4.861630636337315, 4.566040754168274, 4.342124807093544, 3.8831692499765804, 3.8537866781406773, 3.540845921081877, 3.393082650812005, 3.0254850951840107, 2.8580497220954557, 2.603349843463355, 2.5113477066259127, 2.3319377129243892, 2.366067272370733, 2.3415463451221727], "succ_ratio": 1.0, "avg_time": 132.8456607648889, "std_time": 0}, "63": {"tries": 27, "successes": 27, "timings": [354.33031753800003, 372.28147075100003, 377.385190116, 383.385961802, 390.566646309, 381.376082975, 380.65155864300004, 387.35451244200004, 388.468978225, 375.687876314, 388.470648141, 391.390600492, 398.21002813699994, 401.92614241099994, 402.870821314, 411.88759743, 416.35719837, 414.858186119, 416.14455127499997, 394.370799542, 410.132599105, 423.10447893400004, 415.039456818, 427.065746491, 437.60170985300005, 431.247553065, 394.43458065899995],