{"big-q-gauss-n100-tau-5": {"60": {"tries": 100, "successes": 1, "timings": [1801.724008295, 1786.5279899690001, 1802.49193883, 1821.2537023280001, 1787.525548891, 1792.597748358, 1840.041622809, 1760.8218309449999, 1799.796508506, 1833.6578398610002, 1844.842649195, 1804.0047030780001, 1822.7447975659998, 1786.5212639, 1809.971276808, 1838.979900524, 1833.147441885, 1833.50502258, 1839.65523614, 1851.947730973, 1738.55524412, 1892.983399336, 1800.956117114, 1820.694022796, 1793.7808430040002, 1794.245264298, 1819.5987583600001, 1792.972761495, 1784.944603958, 1884.3444558410001, 1824.939687765, 1751.487281255, 1796.377900136, 1774.27393265, 1792.490775516, 1786.269402544, 1762.819333856, 1821.904335755, 1772.2403205629998, 1846.630847241, 1802.269462194, 1779.951089251, 1797.641929062, 1805.130149626, 1821.4006852530001, 1845.844557671, 1806.393945678, 1846.91574487, 1835.071121623, 1777.770147642, 1815.127388965, 1790.88090379, 1802.986970645, 1793.841845661, 1841.193558899, 1813.491713903, 1855.750310292, 1832.9433246770002, 1816.889629866, 1821.09433474, 1808.1862311290001, 1827.0453069700002, 1786.012444169, 1840.615791178, 1835.93701889, 1856.373169799, 1787.668362185, 1807.6923762420001, 1782.1691325749998, 1821.4065402429999, 1791.516954773, 1780.600224518, 1842.136850658, 1769.1121566919999, 1804.455235195, 1808.629494887, 1748.3648526549998, 1807.993466879, 1799.686083978, 1849.494957482, 1814.862818676, 1849.7591377879999, 1810.108233893, 1859.7842774619999, 1822.254617598, 1795.515682533, 1816.40119442, 1796.820320675, 1891.914781298, 1832.7428538979998, 1800.856240277, 1811.68784071, 1787.454835414, 1883.074183346, 1807.00913259, 1834.5329024809998, 1879.442068594, 1801.9965246349998, 1818.389048294, 1795.13675732], "profile": [941555.52, 932764.0744985817, 894287.4074022971, 849276.9409515745, 803036.9235674442, 765290.3937279454, 729123.9149198587, 696916.2778096121, 652003.5616129045, 623521.365582734, 585265.849091604, 556107.3219623492, 530016.4453680378, 502577.78911188035, 473360.4553984189, 452923.31899540516, 423637.6852366394, 406338.85132327, 386391.1320909325, 366498.03185367666, 344505.83992051444, 328475.3719182093, 309035.9957549413, 294215.4359379191, 277264.04731398344, 262062.66737273164, 248671.86475760612, 236061.59627699916, 225819.48793119765, 213270.00420019566, 200824.13514456456, 191840.01589193344, 180771.14324547249, 170501.38603974483, 161416.14018077985, 152997.52365067188, 145529.11661910868, 137763.608469631, 130149.5730434751, 122085.3507267832, 116168.64870217298, 109806.50653600867, 104580.39459354342, 97778.78231543703, 93591.90169909815, 89217.56433591078, 82976.2765040217, 78765.60403030545, 74653.42945904196, 70903.62321322736, 67826.00808838887, 64075.47133458205, 60786.31963190928, 57388.955526138234, 53215.59590810308, 50668.86156980617, 48209.52898691978, 45707.07152119702, 43481.25300163109, 40948.96438464021, 38689.742971552274, 36917.476513866204, 34586.393476490404, 32946.01316548609, 30988.127694901847, 29300.141985752485, 27953.997953730235, 26291.604152012686, 24871.66851708348, 23645.130896822768, 22641.94787384673, 21131.730270578082, 19889.407652223825, 18830.04579300916, 17872.27885313613, 17068.675743491505, 16124.019085326418, 15192.904334474846, 14426.552004014991, 13621.286461600952, 13075.833189076073, 12395.051217100483, 11665.082821541177, 11048.613927515948, 10455.57084632794, 9859.754341827198, 9365.260020163601, 8869.794372043927, 8388.582726269407, 7978.04302028533, 7456.04923987675, 7148.689626355477, 6749.620628489152, 6464.871452321365, 6079.914571753502, 5773.645942896525, 5474.8162894310635, 5172.22418859842, 4904.659143493366, 4659.359181531763, 4414.980209988381, 4156.661691897791, 3889.6060614161756, 3719.935435272853, 3568.7478392375733, 3385.268069575187, 3186.913861116959, 3008.4450925103433, 2852.0469245115078, 2684.5923180584487, 2546.012051526036, 2424.7726406757283, 2288.208007353924, 2184.600896209782, 2078.0770616634686, 1951.7236810455931, 1849.6740279441642, 1766.2933943924945, 1686.1972958202452, 1597.0192488418338, 1517.2699594853368, 1443.109160765037, 1361.7507677589615, 1295.2969219451597, 1242.239780587927, 1173.05294999806, 1117.4879107297456, 1061.9114091563295, 1015.1375886350328, 967.9574115562854, 916.0771808053486, 862.3241069055865, 832.9198695332752, 786.3302243599028, 752.2857409710804, 717.022761657417, 685.3701792453289, 651.0327964833991, 613.460499854727, 584.481696704786, 551.9220812955384, 526.4647139559489, 499.6778181298098, 475.85716619740356, 445.5694047904401, 425.84155028589123, 404.905104032813, 392.1438168330018, 369.806374610198, 350.42713526793807, 331.136385749642, 318.7838472868116, 298.62982221831413, 285.13690474867826, 270.0114163313487, 256.6948166131123, 245.49117228764916, 229.1202985709896, 215.68330495847894, 208.01421086488799, 196.9426866914765, 186.28019161629632, 176.7034420029205, 168.5127997230163, 159.41138593762355, 149.48228001427694, 143.20079373034605, 136.4815069077889, 128.940476558544, 123.95031656579972, 119.04301534501566, 114.79600569180829, 110.32547494790165, 105.90799378286818, 102.57332373079355, 99.12154616392795, 94.84790982598855, 90.81493308905601, 87.13357059499305, 83.14330784958788, 80.23929278264603, 77.35741150800271, 74.52662028430542, 71.46841077683868, 68.6503839465931, 66.55866147680563, 63.23940263793897, 60.917554787185445, 58.17051095630532, 54.89985304832244, 53.173574037864576, 49.90634457525577, 47.97569543927112, 47.40629923128765, 44.735060939162416, 42.61259920531199, 39.90277882393441, 37.47542671372589, 35.31715791703735, 33.212621085822875, 30.731067929750065, 30.242916654409893, 27.66429896925152, 26.05819399811425, 24.326416388443985, 23.477992311712896, 22.053501162541984, 21.115671153896596, 19.49464288420885, 18.949232850477703, 17.528077159398677, 16.86821428503303, 15.280168118816686, 14.728120208994874, 13.70203728579287, 12.933625465493295, 11.786165830333015, 11.50030711717947, 10.713858209248265, 10.419130099855115, 9.365130575762748, 9.02158991009782, 8.24713874853898, 7.913120201623251, 7.259652763063013, 6.875417987516808, 6.510128792391474, 6.354617530689479, 6.231287431433721], "succ_ratio": 0.01, "avg_time": 1813.1169696635104, "std_time": 0}}}