{"small-bg-n93-tau-1": {"58": {"tries": 1, "successes": 1, "timings": [64.63978651300002], "profile": [189.0, 66049.0, 65699.5343915344, 65697.6755319149, 56662.71657754009, 58591.374797280616, 56119.7348384292, 53167.625191014275, 46033.83112646246, 46645.26971650319, 38992.81644325395, 48879.33696455211, 36714.48670504811, 45992.9734186712, 40017.3465277929, 39276.9224810885, 34094.06829372786, 36176.74012566403, 30402.919864339827, 27324.53282083174, 25896.050929019264, 25734.409078772886, 22231.6794369298, 19156.3155590603, 18880.461054894935, 21760.05090860027, 21742.607810161393, 20052.560961150673, 15613.747870369258, 17214.926749034275, 15621.580019237947, 15557.699523697183, 13795.777822901056, 12004.645915412793, 11940.349857659548, 11276.363571633025, 12560.02727808673, 12429.138866117808, 9651.621441775806, 8901.16444963148, 7485.892220386632, 8008.23168210279, 7967.16859397707, 7080.521574003532, 6998.469453054775, 6003.67175259436, 6405.117737423867, 6239.93061490043, 5785.516652481323, 5812.094274698697, 5763.3571194010665, 5045.047645495242, 5090.479989847299, 4192.189222727517, 4120.514164554604, 4428.575755491541, 3818.3468278896435, 3430.0650819355637, 3012.3142075106975, 3060.0189048887787, 2994.780246949567, 2797.806351568192, 2652.6406708669733, 2386.732910124069, 2362.9105270421032, 2052.3454573348504, 1829.5583380482851, 1850.0992068386663, 2009.112496639173, 1955.976995118819, 1893.97934324587, 1622.478346173856, 1368.0601518277738, 1369.892047698519, 1535.337489778387, 1328.7086347942825, 1098.1372187063541, 1002.606769354765, 1198.0032530952578, 1026.9508865966154, 920.4732501562681, 872.8436457083807, 791.1253842651678, 762.9699061584471, 817.9321339713636, 765.6405784962636, 697.3697134565896, 571.4989238303424, 630.63867870865, 591.2753941331621, 534.6824022561503, 511.15762735462914, 505.9511727840145, 456.0345016921768, 430.3025491693106, 383.128908844093, 361.99337967919905, 348.6533611523527, 338.30008567776514, 296.4798851185466, 293.78838982568345, 324.57630930301286, 277.7669357339256, 274.71563406397325, 239.446812764384, 224.64038134226743, 209.00972930181325, 216.43228466287016, 187.20600761393945, 168.3453270200505, 184.28790348009545, 160.70118627761792, 141.58840147794672, 170.50472905852754, 163.83096342532332, 170.07941747145975, 133.51833717574686, 123.44633599514201, 107.77887683460402, 130.48597326329454, 117.96332677411068, 105.25785685810038, 90.40654592751258, 82.11947711627955, 86.41547459481168, 72.67609030493028, 79.50942282601781, 67.54846734446006, 64.76114007972572, 64.84120231976179, 58.4109482717227, 56.424505681711075, 57.19224595714311, 60.60760672332461, 51.83424779329144, 46.80296945535492, 46.04880430703276, 41.99312522172029, 40.50389638202751, 34.46433207193755, 35.54242239390154, 35.50833359295359, 30.508380287578852, 31.321571895208912, 28.265358425625223, 27.08420986451188, 26.506202274157193, 25.713451920313954, 25.568364009813052, 25.36287845441266, 22.57569122315211, 23.190259942681703, 23.17680819765106, 20.03640806799561, 21.809288581124967, 18.74230916812842, 18.280008505384057, 19.796291773815746, 17.89714637198492, 17.127247704239227, 14.85728315933186, 14.798420895966114, 13.182030926742348, 13.41522445439727, 17.883105379998202, 15.84664826731904, 14.896339393519526, 11.615092564932706, 10.32059539374255, 10.54416137436424, 8.866678818265871, 7.742431077205592, 8.217902572416891, 7.505052687156897, 6.997927526492919, 6.333052869377681, 5.694395618680243, 5.843649266849334, 5.517375135050799, 4.986949040478412, 5.509843133467203, 5.220215824752428, 4.364062098936259, 4.231163672484524, 4.114783645417968, 3.9871439072497674, 3.4924001089239174, 3.340200322400979, 2.9296908678872833, 3.275781459641524, 2.814709663701082, 2.512665727083876, 2.297259106491899, 2.1691314817534098, 1.9643389971960568, 2.075861647523623, 1.645651445065395, 1.6472325200372528, 1.5956207543838832], "succ_ratio": 1.0, "avg_time": 64.63978651300002, "std_time": 0}, "63": {"tries": 15, "successes": 15, "timings": [366.319115098, 380.62284588600005, 384.718219043, 383.121378488, 383.87164401599995, 393.312778977, 397.32665329299994, 397.334241712, 395.554272436, 406.82171825499995, 407.508555206, 408.5046470369999, 408.493492018, 372.56317746699995, 388.89336887800005],