{"small-bg-n93-tau-20": {"3": [19.91919191919192, 99], "6": [1.0, 99], "9": [20.0, 99], "12": [8.8989898989899, 99], "15": [20.0, 99], "18": [10.414141414141413, 99], "21": [20.0, 99], "24": [20.0, 99], "27": [19.97979797979798, 99], "30": [19.88888888888889, 99], "33": [7.656565656565657, 99], "36": [9.202020202020202, 99], "39": [11.656565656565656, 99], "42": [16.92929292929293, 99], "45": [16.737373737373737, 99], "48": [18.916666666666668, 96], "51": [18.333333333333332, 84], "54": [18.25, 68], "57": [19.303030303030305, 33], "60": [19.833333333333332, 6], "63": [20.0, 1]}}