{"small-bg-n100-tau-20": {"3": [20.0, 90], "4": [1.0, 90], "5": [20.0, 90], "6": [1.0, 90], "7": [20.0, 90], "8": [1.0, 90], "9": [20.0, 90], "10": [1.1888888888888889, 90], "11": [20.0, 90], "12": [3.1, 90], "13": [20.0, 90], "14": [3.922222222222222, 90], "15": [20.0, 90], "16": [4.2444444444444445, 90], "17": [20.0, 90], "18": [4.133333333333334, 90], "19": [20.0, 90], "20": [5.1, 90], "21": [19.91111111111111, 90], "22": [19.366666666666667, 90], "23": [16.644444444444446, 90], "24": [14.511111111111111, 90], "25": [10.733333333333333, 90], "26": [12.055555555555555, 90], "27": [11.088888888888889, 90], "28": [13.688888888888888, 90], "29": [9.651685393258427, 89], "30": [18.573033707865168, 89], "31": [8.640449438202246, 89], "32": [15.438202247191011, 89], "33": [7.044943820224719, 89], "34": [13.303370786516854, 89], "35": [7.719101123595506, 89], "36": [8.651685393258427, 89], "37": [8.955056179775282, 89], "38": [10.123595505617978, 89], "39": [12.47191011235955, 89], "40": [12.772727272727273, 88], "41": [14.840909090909092, 88], "42": [14.170454545454545, 88], "43": [13.329545454545455, 88], "44": [11.431818181818182, 88], "45": [15.431818181818182, 88], "46": [17.45977011494253, 87], "47": [17.674698795180724, 83], "48": [13.907894736842104, 76], "49": [16.95774647887324, 71], "50": [15.016666666666667, 60], "51": [15.645833333333334, 48], "52": [13.783783783783784, 37], "53": [16.90909090909091, 33], "54": [15.409090909090908, 22], "55": [14.583333333333334, 12], "60": [20.0, 10], "56": [14.285714285714286, 7], "57": [17.6, 5], "58": [11.0, 1], "59": [13.0, 1]}}