{"small-gauss-n100-tau-5": {"3": [5.0, 100], "8": [1.01, 100], "13": [5.0, 100], "18": [5.0, 100], "23": [5.0, 100], "28": [5.0, 100], "33": [5.0, 100], "38": [5.0, 100], "43": [5.0, 100], "48": [5.0, 100], "53": [5.0, 100], "58": [5.0, 82], "63": [5.0, 41], "68": [5.0, 5]}, "small-gauss-n100-tau-10": {"3": [10.0, 100], "8": [1.01, 100], "13": [10.0, 100], "18": [10.0, 100], "23": [10.0, 100], "28": [10.0, 100], "33": [10.0, 100], "38": [10.0, 100], "43": [10.0, 100], "48": [10.0, 99], "53": [10.0, 97], "58": [10.0, 62], "63": [10.0, 12]}, "small-gauss-n100-tau-15": {"3": [15.0, 100], "8": [1.0, 100], "13": [15.0, 100], "18": [15.0, 100], "23": [15.0, 100], "28": [15.0, 100], "33": [15.0, 100], "38": [14.58, 100], "43": [14.97, 100], "48": [15.0, 100], "53": [14.989583333333334, 96], "58": [14.98076923076923, 52], "63": [14.833333333333334, 6]}, "small-gauss-n100-tau-20": {"3": [20.0, 100], "8": [1.0, 100], "13": [20.0, 100], "18": [19.04, 100], "23": [20.0, 100], "28": [19.96, 100], "33": [19.94, 100], "38": [16.64, 100], "43": [19.2, 100], "48": [19.75, 100], "53": [19.386363636363637, 88], "58": [18.3265306122449, 49], "63": [17.875, 8], "68": [17.0, 1]}}