{"small-gauss-n72-tau-5": {"3": [5.0, 100], "6": [1.0, 100], "9": [5.0, 100], "12": [5.0, 100], "15": [5.0, 100], "18": [5.0, 100], "21": [5.0, 100], "24": [5.0, 100], "27": [5.0, 100], "30": [5.0, 100], "33": [5.0, 100], "36": [5.0, 100], "39": [5.0, 99], "42": [5.0, 99], "45": [5.0, 99], "48": [5.0, 99], "51": [5.0, 92], "54": [5.0, 77], "57": [5.0, 47], "60": [5.0, 24], "63": [5.0, 10], "66": [5.0, 5], "69": [5.0, 2]}, "small-gauss-n72-tau-10": {"3": [10.0, 100], "6": [1.0, 100], "9": [10.0, 100], "12": [8.96, 100], "15": [10.0, 100], "18": [9.03, 100], "21": [10.0, 100], "24": [10.0, 100], "27": [10.0, 100], "30": [10.0, 100], "33": [8.37, 100], "36": [9.36, 100], "39": [9.193877551020408, 98], "42": [9.896907216494846, 97], "45": [9.885416666666666, 96], "48": [10.0, 93], "51": [10.0, 76], "54": [9.98076923076923, 52], "57": [10.0, 22], "60": [10.0, 9], "63": [9.666666666666666, 3], "66": [10.0, 2]}, "small-gauss-n72-tau-15": {"3": [14.9, 100], "6": [1.02, 100], "9": [15.0, 100], "12": [6.64, 100], "15": [15.0, 100], "18": [7.67, 100], "21": [15.0, 100], "24": [14.98, 100], "27": [14.86, 100], "30": [14.83838383838384, 99], "33": [7.929292929292929, 99], "36": [9.121212121212121, 99], "39": [10.877551020408163, 98], "42": [13.103092783505154, 97], "45": [12.715789473684211, 95], "48": [14.395604395604396, 91], "51": [14.211267605633802, 71], "54": [13.710526315789474, 38], "57": [14.125, 24], "60": [14.2, 5], "63": [10.5, 2]}, "small-gauss-n72-tau-20": {"3": [19.41, 100], "6": [1.04, 100], "9": [20.0, 100], "12": [5.22, 100], "15": [20.0, 100], "18": [6.68, 100], "21": [20.0, 100], "24": [19.12, 100], "27": [17.64, 100], "30": [19.3, 100], "33": [7.27, 100], "36": [9.77, 100], "39": [11.11, 100], "42": [15.12, 100], "45": [15.061224489795919, 98], "48": [17.32967032967033, 91], "51": [17.02777777777778, 72], "54": [16.32608695652174, 46], "57": [16.047619047619047, 21], "60": [17.0, 7], "63": [14.5, 2], "66": [18.0, 1]}}