{"small-bg-n72-tau-15": {"3": [14.99, 100], "6": [1.02, 100], "9": [15.0, 100], "12": [6.96, 100], "15": [15.0, 100], "18": [8.57, 100], "21": [15.0, 100], "24": [14.9, 100], "27": [14.81, 100], "30": [14.88, 100], "33": [7.78, 100], "36": [10.21, 100], "39": [11.04, 100], "42": [13.14, 100], "45": [13.285714285714286, 98], "48": [14.329787234042554, 94], "51": [14.115384615384615, 78], "54": [13.538461538461538, 52], "57": [14.55, 20], "60": [14.714285714285714, 7], "63": [15.0, 1]}}