{"small-bg-n72-tau-15": {"3": [14.99, 100], "4": [1.0, 100], "5": [15.0, 100], "6": [1.0, 100], "7": [15.0, 100], "8": [1.01, 100], "9": [15.0, 100], "10": [1.24, 100], "11": [15.0, 100], "12": [2.79, 100], "13": [15.0, 100], "14": [3.51, 100], "15": [15.0, 100], "16": [3.52, 100], "17": [15.0, 100], "18": [3.73, 100], "19": [15.0, 100], "20": [4.34, 100], "21": [14.71, 100], "22": [14.1, 100], "23": [11.96, 100], "24": [9.96, 100], "25": [10.32, 100], "26": [8.68, 100], "27": [9.54, 100], "28": [10.28, 100], "29": [9.04, 100], "30": [14.35, 100], "31": [8.34, 100], "32": [12.06, 100], "33": [6.97, 100], "34": [12.28, 100], "35": [8.43, 100], "36": [9.35, 100], "37": [9.3, 100], "38": [10.68, 100], "39": [10.717171717171718, 99], "40": [10.474747474747474, 99], "41": [11.303030303030303, 99], "42": [11.785714285714286, 98], "43": [11.377551020408163, 98], "44": [10.24742268041237, 97], "45": [12.08421052631579, 95], "46": [13.391304347826088, 92], "47": [12.767441860465116, 86], "48": [11.931506849315069, 73], "49": [12.857142857142858, 63], "50": [12.625, 48], "51": [12.142857142857142, 35], "52": [11.25, 32], "53": [13.038461538461538, 26], "54": [11.117647058823529, 17], "55": [13.25, 12], "56": [10.777777777777779, 9], "57": [14.75, 8], "58": [12.0, 2], "59": [8.0, 1]}}