{"small-bg-n100-tau-5": {"3": [5.0, 97], "4": [1.0, 97], "5": [5.0, 97], "6": [1.0, 97], "7": [5.0, 97], "8": [1.0, 97], "9": [5.0, 97], "10": [2.350515463917526, 97], "11": [5.0, 97], "12": [4.969072164948454, 97], "13": [5.0, 97], "14": [4.989690721649485, 97], "15": [5.0, 97], "16": [5.0, 97], "17": [5.0, 97], "18": [5.0, 97], "19": [5.0, 97], "20": [4.979381443298969, 97], "21": [5.0, 97], "22": [5.0, 97], "23": [5.0, 97], "24": [5.0, 97], "25": [5.0, 97], "26": [5.0, 97], "27": [5.0, 97], "28": [5.0, 97], "29": [5.0, 97], "30": [5.0, 97], "31": [5.0, 97], "32": [5.0, 97], "33": [5.0, 97], "34": [5.0, 97], "35": [5.0, 97], "36": [5.0, 97], "37": [5.0, 97], "38": [5.0, 97], "39": [5.0, 97], "40": [5.0, 97], "41": [5.0, 97], "42": [5.0, 97], "43": [5.0, 97], "44": [5.0, 97], "45": [5.0, 96], "46": [5.0, 95], "47": [5.0, 95], "48": [5.0, 94], "49": [5.0, 93], "50": [5.0, 91], "51": [5.0, 88], "52": [5.0, 78], "60": [5.0, 8], "53": [5.0, 69], "54": [5.0, 58], "55": [5.0, 45], "56": [5.0, 37], "57": [5.0, 24], "58": [5.0, 16], "59": [5.0, 10], "61": [5.0, 3], "62": [5.0, 1], "63": [5.0, 1], "64": [5.0, 1], "65": [5.0, 1]}}