{"small-gauss-n100-tau-1": {"3": [1.0, 100], "4": [1.0, 100], "5": [1.0, 100], "6": [1.0, 100], "7": [1.0, 100], "8": [1.0, 100], "9": [1.0, 100], "10": [1.0, 100], "11": [1.0, 100], "12": [1.0, 100], "13": [1.0, 100], "14": [1.0, 100], "15": [1.0, 100], "16": [1.0, 100], "17": [1.0, 100], "18": [1.0, 100], "19": [1.0, 100], "20": [1.0, 100], "21": [1.0, 100], "22": [1.0, 100], "23": [1.0, 100], "24": [1.0, 100], "25": [1.0, 100], "26": [1.0, 100], "27": [1.0, 100], "28": [1.0, 100], "29": [1.0, 100], "30": [1.0, 100], "31": [1.0, 100], "32": [1.0, 100], "33": [1.0, 100], "34": [1.0, 100], "35": [1.0, 100], "36": [1.0, 100], "37": [1.0, 100], "38": [1.0, 100], "39": [1.0, 100], "40": [1.0, 100], "41": [1.0, 100], "42": [1.0, 100], "43": [1.0, 100], "44": [1.0, 100], "45": [1.0, 100], "46": [1.0, 100], "47": [1.0, 100], "48": [1.0, 100], "49": [1.0, 100], "50": [1.0, 100], "51": [1.0, 100], "52": [1.0, 100], "53": [1.0, 99], "54": [1.0, 96], "55": [1.0, 94], "56": [1.0, 92], "57": [1.0, 84], "58": [1.0, 73], "59": [1.0, 62], "60": [1.0, 47], "61": [1.0, 38], "62": [1.0, 27], "63": [1.0, 13], "64": [1.0, 9], "65": [1.0, 4], "66": [1.0, 2], "67": [1.0, 2]}, "small-gauss-n100-tau-5": {"3": [5.0, 99], "4": [1.0, 99], "5": [5.0, 99], "6": [1.0, 99], "7": [5.0, 99], "8": [1.0, 99], "9": [5.0, 99], "10": [2.3636363636363638, 99], "11": [5.0, 99], "12": [4.959595959595959, 99], "13": [5.0, 99], "14": [4.98989898989899, 99], "15": [5.0, 99], "16": [5.0, 99], "17": [5.0, 99], "18": [4.959595959595959, 99], "19": [5.0, 99], "20": [5.0, 99], "21": [5.0, 99], "22": [5.0, 99], "23": [5.0, 99], "24": [5.0, 99], "25": [5.0, 99], "26": [5.0, 99], "27": [5.0, 99], "28": [5.0, 99], "29": [5.0, 99], "30": [5.0, 99], "31": [5.0, 99], "32": [5.0, 99], "33": [5.0, 99], "34": [5.0, 99], "35": [5.0, 99], "36": [5.0, 99], "37": [5.0, 99], "38": [5.0, 99], "39": [5.0, 99], "40": [5.0, 99], "41": [5.0, 99], "42": [5.0, 99], "43": [5.0, 98], "44": [5.0, 98], "45": [5.0, 98], "46": [5.0, 98], "47": [5.0, 97], "48": [5.0, 95], "49": [5.0, 93], "50": [5.0, 91], "51": [5.0, 87], "52": [5.0, 82], "53": [5.0, 73], "54": [5.0, 62], "60": [5.0, 3], "55": [5.0, 48], "56": [5.0, 37], "57": [5.0, 21], "58": [5.0, 12], "59": [5.0, 7]}, "small-gauss-n100-tau-10": {"3": [10.0, 96], "4": [1.0, 96], "5": [10.0, 96], "6": [1.0, 96], "7": [10.0, 96], "8": [1.0, 96], "9": [10.0, 96], "10": [1.6979166666666667, 96], "11": [10.0, 96], "12": [5.1875, 96], "13": [10.0, 96], "14": [7.59375, 96], "15": [10.0, 96], "16": [7.8125, 96], "17": [10.0, 96], "18": [6.427083333333333, 96], "19": [10.0, 96], "20": [6.604166666666667, 96], "21": [10.0, 96], "22": [10.0, 96], "23": [10.0, 96], "24": [9.989583333333334, 96], "25": [9.927083333333334, 96], "26": [9.875, 96], "27": [9.739583333333334, 96], "28": [9.447916666666666, 96], "29": [9.53125, 96], "30": [9.979166666666666, 96], "31": [8.375, 96], "32": [9.677083333333334, 96], "33": [7.166666666666667, 96], "34": [9.395833333333334, 96], "35": [7.8125, 96], "36": [8.0, 96], "37": [8.395833333333334, 96], "38": [8.458333333333334, 96], "39": [8.947916666666666, 96], "40": [8.875, 96], "41": [9.604166666666666, 96], "42": [9.65625, 96], "43": [9.416666666666666, 96], "44": [8.905263157894737, 95], "45": [9.821052631578947, 95], "46": [9.989473684210527, 95], "47": [10.0, 95], "48": [9.8, 95], "49": [9.977777777777778, 90], "50": [9.776470588235295, 85], "51": [9.8, 70], "52": [9.87719298245614, 57], "53": [9.928571428571429, 42], "54": [10.0, 25], "60": [10.0, 4], "55": [10.0, 16], "56": [10.0, 7], "57": [10.0, 2]}, "small-gauss-n100-tau-15": {"3": [15.0, 88], "4": [1.0, 88], "5": [15.0, 88], "6": [1.0, 88], "7": [15.0, 88], "8": [1.0, 88], "9": [15.0, 88], "10": [1.4204545454545454, 88], "11": [15.0, 88], "12": [3.7613636363636362, 88], "13": [15.0, 88], "14": [5.0227272727272725, 88], "15": [15.0, 88], "16": [5.454545454545454, 88], "17": [15.0, 88], "18": [4.670454545454546, 88], "19": [15.0, 88], "20": [5.306818181818182, 88], "21": [15.0, 88], "22": [14.875, 88], "23": [14.829545454545455, 88], "24": [13.454545454545455, 88], "25": [12.181818181818182, 88], "26": [12.761363636363637, 88], "27": [11.363636363636363, 88], "28": [11.238636363636363, 88], "29": [10.681818181818182, 88], "30": [14.465909090909092, 88], "31": [8.238636363636363, 88], "32": [12.761363636363637, 88], "33": [6.954545454545454, 88], "34": [11.715909090909092, 88], "35": [7.840909090909091, 88], "36": [8.204545454545455, 88], "37": [9.261363636363637, 88], "38": [10.034090909090908, 88], "39": [10.727272727272727, 88], "40": [10.477272727272727, 88], "41": [12.829545454545455, 88], "42": [13.181818181818182, 88], "43": [11.241379310344827, 87], "44": [11.114942528735632, 87], "45": [13.35632183908046, 87], "46": [14.735632183908047, 87], "47": [14.72289156626506, 83], "48": [12.866666666666667, 75], "49": [14.36986301369863, 73], "50": [12.955882352941176, 68], "51": [13.807017543859649, 57], "52": [13.204545454545455, 44], "53": [13.93939393939394, 33], "54": [13.1, 20], "60": [15.0, 12], "55": [14.272727272727273, 11], "56": [14.25, 4]}, "small-gauss-n100-tau-20": {"3": [20.0, 96], "4": [1.0, 96], "5": [20.0, 96], "6": [1.0, 96], "7": [20.0, 96], "8": [1.0, 96], "9": [20.0, 96], "10": [1.2604166666666667, 96], "11": [20.0, 96], "12": [3.2291666666666665, 96], "13": [20.0, 96], "14": [3.9166666666666665, 96], "15": [20.0, 96], "16": [4.583333333333333, 96], "17": [20.0, 96], "18": [4.197916666666667, 96], "19": [20.0, 96], "20": [5.072916666666667, 96], "21": [19.927083333333332, 96], "22": [19.229166666666668, 96], "23": [17.020833333333332, 96], "24": [14.041666666666666, 96], "25": [10.291666666666666, 96], "26": [12.541666666666666, 96], "27": [11.3125, 96], "28": [12.71875, 96], "29": [9.135416666666666, 96], "30": [18.322916666666668, 96], "31": [8.572916666666666, 96], "32": [15.552083333333334, 96], "33": [6.770833333333333, 96], "34": [13.020833333333334, 96], "35": [7.75, 96], "36": [9.020833333333334, 96], "37": [9.53125, 96], "38": [10.3125, 96], "39": [12.020833333333334, 96], "40": [11.635416666666666, 96], "41": [14.104166666666666, 96], "42": [13.84375, 96], "43": [13.364583333333334, 96], "44": [11.322916666666666, 96], "45": [14.791666666666666, 96], "46": [18.270833333333332, 96], "47": [17.23076923076923, 91], "48": [13.80952380952381, 84], "49": [17.582278481012658, 79], "50": [14.848484848484848, 66], "51": [16.05263157894737, 57], "52": [15.209302325581396, 43], "53": [16.366666666666667, 30], "54": [18.181818181818183, 11], "55": [20.0, 2], "60": [20.0, 4]}}