{"small-bg-n100-tau-10": {"3": [10.0, 96], "6": [1.0, 96], "9": [10.0, 96], "12": [9.9375, 96], "15": [10.0, 96], "18": [9.979166666666666, 96], "21": [10.0, 96], "24": [10.0, 96], "27": [10.0, 96], "30": [10.0, 96], "33": [9.75, 96], "36": [9.729166666666666, 96], "39": [9.625, 96], "42": [10.0, 96], "45": [9.978947368421053, 95], "48": [10.0, 94], "51": [10.0, 84], "54": [10.0, 66], "57": [10.0, 40], "60": [10.0, 16], "63": [10.0, 2], "66": [10.0, 1]}}