{"small-gauss-n72-tau-15": {"3": [14.9, 100], "6": [1.02, 100], "9": [15.0, 100], "12": [6.64, 100], "15": [15.0, 100], "18": [7.67, 100], "21": [15.0, 100], "24": [14.98, 100], "27": [14.86, 100], "30": [14.83838383838384, 99], "33": [7.929292929292929, 99], "36": [9.121212121212121, 99], "39": [10.877551020408163, 98], "42": [13.103092783505154, 97], "45": [12.715789473684211, 95], "48": [14.395604395604396, 91], "51": [14.211267605633802, 71], "54": [13.710526315789474, 38], "57": [14.125, 24], "60": [14.2, 5], "63": [10.5, 2]}}