{"small-bg-n100-tau-15": {"3": [15.0, 93], "5": [15.0, 93], "7": [15.0, 93], "9": [15.0, 93], "11": [15.0, 93], "13": [15.0, 93], "15": [15.0, 93], "17": [15.0, 93], "19": [15.0, 93], "21": [15.0, 93], "23": [14.946236559139784, 93], "25": [14.301075268817204, 93], "27": [13.58695652173913, 92], "29": [12.478260869565217, 92], "31": [11.66304347826087, 92], "33": [8.83695652173913, 92], "35": [9.532608695652174, 92], "37": [10.282608695652174, 92], "39": [11.717391304347826, 92], "41": [13.16304347826087, 92], "43": [13.967032967032967, 91], "45": [13.868131868131869, 91], "47": [14.955056179775282, 89], "49": [14.646341463414634, 82], "51": [14.479452054794521, 73], "53": [14.596153846153847, 52], "55": [14.0, 28], "60": [15.0, 7], "57": [14.866666666666667, 15], "59": [13.0, 4], "61": [15.0, 2]}}