{"small-bg-n93-tau-15": {"3": [14.99, 100], "4": [1.0, 100], "5": [15.0, 100], "6": [1.0, 100], "7": [15.0, 100], "8": [1.01, 100], "9": [15.0, 100], "10": [1.31, 100], "11": [15.0, 100], "12": [3.94, 100], "13": [15.0, 100], "14": [5.5, 100], "15": [15.0, 100], "16": [5.2, 100], "17": [15.0, 100], "18": [5.31, 100], "19": [15.0, 100], "20": [5.62, 100], "21": [15.0, 100], "22": [14.85, 100], "23": [14.78, 100], "24": [13.57, 100], "25": [11.89, 100], "26": [12.22, 100], "27": [10.85, 100], "28": [11.33, 100], "29": [10.15, 100], "30": [14.52, 100], "31": [8.06, 100], "32": [13.67, 100], "33": [6.82, 100], "34": [11.64, 100], "35": [8.19, 100], "36": [8.47, 100], "37": [8.95, 100], "38": [9.43, 100], "39": [11.37, 100], "40": [10.83, 100], "41": [12.95, 100], "42": [13.02, 100], "43": [11.54, 100], "44": [11.16, 100], "45": [13.17, 100], "46": [14.474747474747474, 99], "47": [14.547368421052632, 95], "48": [12.568181818181818, 88], "49": [13.975308641975309, 81], "50": [12.583333333333334, 72], "51": [13.222222222222221, 63], "52": [12.296296296296296, 54], "53": [13.869565217391305, 46], "54": [13.393939393939394, 33], "55": [12.947368421052632, 19], "56": [13.133333333333333, 15], "57": [12.714285714285714, 7], "58": [12.0, 4], "59": [15.0, 2]}}