{"small-bg-n93-tau-5": {"3": [5.0, 100], "6": [1.0, 100], "9": [5.0, 100], "12": [5.0, 100], "15": [5.0, 100], "18": [5.0, 100], "21": [5.0, 100], "24": [5.0, 100], "27": [5.0, 100], "30": [5.0, 100], "33": [5.0, 100], "36": [5.0, 100], "39": [5.0, 100], "42": [5.0, 100], "45": [5.0, 100], "48": [5.0, 100], "51": [5.0, 100], "54": [5.0, 98], "57": [5.0, 74], "60": [5.0, 47], "63": [5.0, 15], "66": [5.0, 1]}, "small-bg-n93-tau-10": {"3": [10.0, 100], "6": [1.0, 100], "9": [10.0, 100], "12": [9.93, 100], "15": [10.0, 100], "18": [9.99, 100], "21": [10.0, 100], "24": [10.0, 100], "27": [10.0, 100], "30": [10.0, 100], "33": [9.56, 100], "36": [9.42, 100], "39": [9.63, 100], "42": [9.99, 100], "45": [9.97, 100], "48": [10.0, 99], "51": [10.0, 92], "54": [10.0, 79], "57": [10.0, 53], "60": [10.0, 21], "63": [10.0, 6], "66": [10.0, 1], "69": [10.0, 1]}, "small-bg-n93-tau-15": {"3": [15.0, 100], "6": [1.0, 100], "9": [15.0, 100], "12": [11.75, 100], "15": [15.0, 100], "18": [12.71, 100], "21": [15.0, 100], "24": [15.0, 100], "27": [15.0, 100], "30": [15.0, 100], "33": [9.27, 100], "36": [10.15, 100], "39": [12.32, 100], "42": [14.36, 100], "45": [14.12, 100], "48": [14.96938775510204, 98], "51": [14.808988764044944, 89], "54": [14.772727272727273, 66], "57": [14.921052631578947, 38], "60": [14.727272727272727, 11], "63": [15.0, 3]}, "small-bg-n93-tau-20": {"3": [20.0, 100], "6": [1.0, 100], "9": [20.0, 100], "12": [9.49, 100], "15": [20.0, 100], "18": [10.93, 100], "21": [20.0, 100], "24": [20.0, 100], "27": [19.97, 100], "30": [19.79, 100], "33": [7.57, 100], "36": [9.51, 100], "39": [11.76, 100], "42": [17.42, 100], "45": [16.66, 100], "48": [18.92, 100], "51": [18.489583333333332, 96], "54": [18.181818181818183, 66], "57": [18.272727272727273, 33], "60": [19.11111111111111, 9], "63": [17.0, 2]}}