{"small-bg-n100-tau-5": {"3": [5.0, 99], "6": [1.0, 99], "9": [5.0, 99], "12": [5.0, 99], "15": [5.0, 99], "18": [5.0, 99], "21": [5.0, 99], "24": [5.0, 99], "27": [5.0, 99], "30": [5.0, 99], "33": [5.0, 99], "36": [5.0, 99], "39": [5.0, 99], "42": [5.0, 99], "45": [5.0, 99], "48": [5.0, 99], "51": [5.0, 97], "54": [5.0, 91], "57": [5.0, 72], "60": [5.0, 37], "63": [5.0, 14], "66": [5.0, 1]}, "small-bg-n100-tau-10": {"3": [10.0, 96], "6": [1.0, 96], "9": [10.0, 96], "12": [9.9375, 96], "15": [10.0, 96], "18": [9.979166666666666, 96], "21": [10.0, 96], "24": [10.0, 96], "27": [10.0, 96], "30": [10.0, 96], "33": [9.75, 96], "36": [9.729166666666666, 96], "39": [9.625, 96], "42": [10.0, 96], "45": [9.978947368421053, 95], "48": [10.0, 94], "51": [10.0, 84], "54": [10.0, 66], "57": [10.0, 40], "60": [10.0, 16], "63": [10.0, 2], "66": [10.0, 1]}, "small-bg-n100-tau-15": {"3": [15.0, 97], "6": [1.0, 97], "9": [15.0, 97], "12": [11.443298969072165, 97], "15": [15.0, 97], "18": [13.206185567010309, 97], "21": [15.0, 97], "24": [15.0, 97], "27": [15.0, 97], "30": [15.0, 97], "33": [9.381443298969073, 97], "36": [11.072164948453608, 97], "39": [11.670103092783505, 97], "42": [14.762886597938145, 97], "45": [14.185567010309278, 97], "48": [14.96808510638298, 94], "51": [14.827586206896552, 87], "54": [14.807017543859649, 57], "57": [14.884615384615385, 26], "60": [14.727272727272727, 11], "63": [15.0, 1]}, "small-bg-n100-tau-20": {"3": [20.0, 94], "6": [1.0, 94], "9": [20.0, 94], "12": [8.23404255319149, 94], "15": [20.0, 94], "18": [11.23404255319149, 94], "21": [20.0, 94], "24": [19.98936170212766, 94], "27": [19.98936170212766, 94], "30": [19.9468085106383, 94], "33": [7.170212765957447, 94], "36": [9.849462365591398, 93], "39": [12.118279569892474, 93], "42": [17.688172043010752, 93], "45": [17.835164835164836, 91], "48": [19.417582417582416, 91], "51": [18.89156626506024, 83], "54": [18.37037037037037, 54], "57": [18.076923076923077, 26], "60": [19.46153846153846, 13], "63": [17.333333333333332, 3]}}