{"small-bg-n100-tau-20": {"3": [20.0, 100], "5": [20.0, 100], "7": [20.0, 100], "9": [20.0, 100], "11": [20.0, 100], "13": [20.0, 100], "15": [20.0, 100], "17": [20.0, 100], "19": [20.0, 100], "21": [19.99, 100], "23": [18.13, 100], "25": [14.62, 100], "27": [13.54, 100], "29": [12.99, 100], "31": [11.29, 100], "33": [8.02, 100], "35": [11.1, 100], "37": [10.67, 100], "39": [12.94, 100], "41": [15.222222222222221, 99], "43": [16.555555555555557, 99], "45": [15.292929292929292, 99], "47": [19.556701030927837, 97], "49": [17.738095238095237, 84], "51": [17.17910447761194, 67], "53": [18.178571428571427, 56], "55": [17.23076923076923, 26], "57": [19.46153846153846, 13], "59": [14.5, 2], "61": [19.0, 1]}}