{"small-bg-n93-tau-1": {"3": [1.0, 100], "8": [1.0, 100], "13": [1.0, 100], "18": [1.0, 100], "23": [1.0, 100], "28": [1.0, 100], "33": [1.0, 100], "38": [1.0, 100], "43": [1.0, 100], "48": [1.0, 100], "53": [1.0, 100], "58": [1.0, 100], "63": [1.0, 99], "68": [1.0, 84]}, "small-bg-n93-tau-5": {"3": [5.0, 100], "8": [1.0, 100], "13": [5.0, 100], "18": [5.0, 100], "23": [5.0, 100], "28": [5.0, 100], "33": [5.0, 100], "38": [5.0, 100], "43": [5.0, 100], "48": [5.0, 100], "53": [5.0, 99], "58": [5.0, 88], "63": [5.0, 52], "68": [5.0, 4]}, "small-bg-n93-tau-10": {"3": [10.0, 100], "8": [1.01, 100], "13": [10.0, 100], "18": [10.0, 100], "23": [10.0, 100], "28": [10.0, 100], "33": [10.0, 100], "38": [10.0, 100], "43": [10.0, 100], "48": [10.0, 100], "53": [10.0, 98], "58": [10.0, 76], "63": [10.0, 25], "68": [10.0, 2]}, "small-bg-n93-tau-15": {"3": [14.98989898989899, 99], "8": [1.0101010101010102, 99], "13": [15.0, 99], "18": [15.0, 99], "23": [15.0, 99], "28": [15.0, 99], "33": [15.0, 99], "38": [14.303030303030303, 99], "43": [14.717171717171718, 99], "48": [14.97979797979798, 99], "53": [14.934065934065934, 91], "58": [14.821428571428571, 56], "60": [15.0, 1], "63": [14.4375, 16]}, "small-bg-n93-tau-20": {"3": [19.92, 100], "8": [1.0, 100], "13": [20.0, 100], "18": [18.89, 100], "23": [20.0, 100], "28": [19.94, 100], "33": [19.77, 100], "38": [16.69, 100], "43": [18.97, 100], "48": [19.13, 100], "53": [18.886363636363637, 88], "58": [19.153846153846153, 52], "63": [19.25, 8]}}