{"small-bg-n100-tau-5": {"3": [5.0, 95], "5": [5.0, 95], "7": [5.0, 95], "9": [5.0, 95], "11": [5.0, 95], "13": [5.0, 95], "15": [5.0, 95], "17": [5.0, 95], "19": [5.0, 95], "21": [5.0, 95], "23": [5.0, 95], "25": [5.0, 95], "27": [5.0, 95], "29": [5.0, 95], "31": [5.0, 95], "33": [5.0, 95], "35": [5.0, 95], "37": [5.0, 95], "39": [5.0, 95], "41": [5.0, 95], "43": [5.0, 95], "45": [5.0, 95], "47": [5.0, 95], "49": [5.0, 93], "51": [5.0, 88], "53": [5.0, 80], "55": [5.0, 68], "57": [5.0, 50], "60": [5.0, 5], "59": [5.0, 27], "61": [5.0, 11], "63": [5.0, 1]}, "small-bg-n100-tau-10": {"3": [10.0, 95], "5": [10.0, 95], "7": [10.0, 95], "9": [10.0, 95], "11": [10.0, 95], "13": [10.0, 95], "15": [10.0, 95], "17": [10.0, 95], "19": [10.0, 95], "21": [10.0, 95], "23": [10.0, 95], "25": [10.0, 95], "27": [10.0, 95], "29": [9.989473684210527, 95], "31": [9.221052631578948, 95], "33": [8.294736842105262, 95], "35": [9.052631578947368, 95], "37": [8.715789473684211, 95], "39": [9.105263157894736, 95], "41": [9.873684210526315, 95], "43": [9.905263157894737, 95], "45": [9.978947368421053, 95], "47": [10.0, 94], "49": [10.0, 89], "51": [9.974358974358974, 78], "53": [10.0, 61], "55": [9.979166666666666, 48], "60": [10.0, 5], "57": [10.0, 26], "59": [10.0, 10], "61": [10.0, 5]}, "small-bg-n100-tau-15": {"3": [15.0, 93], "5": [15.0, 93], "7": [15.0, 93], "9": [15.0, 93], "11": [15.0, 93], "13": [15.0, 93], "15": [15.0, 93], "17": [15.0, 93], "19": [15.0, 93], "21": [15.0, 93], "23": [14.946236559139784, 93], "25": [14.301075268817204, 93], "27": [13.58695652173913, 92], "29": [12.478260869565217, 92], "31": [11.66304347826087, 92], "33": [8.83695652173913, 92], "35": [9.532608695652174, 92], "37": [10.282608695652174, 92], "39": [11.717391304347826, 92], "41": [13.16304347826087, 92], "43": [13.967032967032967, 91], "45": [13.868131868131869, 91], "47": [14.955056179775282, 89], "49": [14.646341463414634, 82], "51": [14.479452054794521, 73], "53": [14.596153846153847, 52], "55": [14.0, 28], "60": [15.0, 7], "57": [14.866666666666667, 15], "59": [13.0, 4], "61": [15.0, 2]}, "small-bg-n100-tau-20": {"3": [20.0, 100], "5": [20.0, 100], "7": [20.0, 100], "9": [20.0, 100], "11": [20.0, 100], "13": [20.0, 100], "15": [20.0, 100], "17": [20.0, 100], "19": [20.0, 100], "21": [19.99, 100], "23": [18.13, 100], "25": [14.62, 100], "27": [13.54, 100], "29": [12.99, 100], "31": [11.29, 100], "33": [8.02, 100], "35": [11.1, 100], "37": [10.67, 100], "39": [12.94, 100], "41": [15.222222222222221, 99], "43": [16.555555555555557, 99], "45": [15.292929292929292, 99], "47": [19.556701030927837, 97], "49": [17.738095238095237, 84], "51": [17.17910447761194, 67], "53": [18.178571428571427, 56], "55": [17.23076923076923, 26], "57": [19.46153846153846, 13], "59": [14.5, 2], "61": [19.0, 1]}}