{"small-bg-n93-tau-15": {"3": [14.98989898989899, 99], "6": [1.0, 99], "9": [15.0, 99], "12": [12.02020202020202, 99], "15": [15.0, 99], "18": [12.848484848484848, 99], "21": [15.0, 99], "24": [15.0, 99], "27": [15.0, 99], "30": [15.0, 99], "33": [8.777777777777779, 99], "36": [11.232323232323232, 99], "39": [11.797979797979798, 99], "42": [14.292929292929292, 99], "45": [14.01010101010101, 99], "48": [14.96938775510204, 98], "51": [14.625, 88], "54": [14.621621621621621, 74], "57": [14.763157894736842, 38], "60": [14.533333333333333, 15], "63": [15.0, 2]}}