{"small-bg-n93-tau-20": {"3": [20.0, 100], "6": [1.0, 100], "9": [20.0, 100], "12": [9.49, 100], "15": [20.0, 100], "18": [10.93, 100], "21": [20.0, 100], "24": [20.0, 100], "27": [19.97, 100], "30": [19.79, 100], "33": [7.57, 100], "36": [9.51, 100], "39": [11.76, 100], "42": [17.42, 100], "45": [16.66, 100], "48": [18.92, 100], "51": [18.489583333333332, 96], "54": [18.181818181818183, 66], "57": [18.272727272727273, 33], "60": [19.11111111111111, 9], "63": [17.0, 2]}}