{"small-bg-n72-tau-20": {"3": [19.8, 100], "4": [1.0, 100], "5": [20.0, 100], "6": [1.0, 100], "7": [20.0, 100], "8": [1.0, 100], "9": [20.0, 100], "10": [1.13, 100], "11": [20.0, 100], "12": [2.41, 100], "13": [20.0, 100], "14": [2.71, 100], "15": [20.0, 100], "16": [2.78, 100], "17": [20.0, 100], "18": [3.34, 100], "19": [19.9, 100], "20": [3.86, 100], "21": [18.63, 100], "22": [15.1, 100], "23": [12.62, 100], "24": [10.24, 100], "25": [8.67, 100], "26": [9.0, 100], "27": [9.212121212121213, 99], "28": [10.242424242424242, 99], "29": [8.795918367346939, 98], "30": [17.612244897959183, 98], "31": [8.051546391752577, 97], "32": [14.229166666666666, 96], "33": [7.166666666666667, 96], "34": [12.864583333333334, 96], "35": [8.958333333333334, 96], "36": [9.894736842105264, 95], "37": [9.294736842105262, 95], "38": [11.212765957446809, 94], "39": [11.053191489361701, 94], "40": [11.258064516129032, 93], "41": [12.456521739130435, 92], "42": [13.315217391304348, 92], "43": [11.910112359550562, 89], "44": [11.658823529411764, 85], "45": [13.282352941176471, 85], "46": [14.4375, 80], "47": [15.526315789473685, 76], "48": [12.469696969696969, 66], "49": [14.071428571428571, 56], "50": [13.391304347826088, 46], "51": [13.526315789473685, 38], "52": [13.0, 26], "53": [14.05, 20], "54": [12.0, 12], "55": [14.375, 8], "56": [11.2, 5], "57": [11.0, 5], "58": [12.333333333333334, 3], "59": [19.0, 2]}}