{"small-bg-n72-tau-1": {"3": [1.0, 100], "6": [1.0, 100], "9": [1.0, 100], "12": [1.0, 100], "15": [1.0, 100], "18": [1.0, 100], "21": [1.0, 100], "24": [1.0, 100], "27": [1.0, 100], "30": [1.0, 100], "33": [1.0, 100], "36": [1.0, 100], "39": [1.0, 100], "42": [1.0, 100], "45": [1.0, 100], "48": [1.0, 100], "51": [1.0, 100], "54": [1.0, 98], "57": [1.0, 97], "60": [1.0, 87], "63": [1.0, 71], "66": [1.0, 36], "69": [1.0, 8]}, "small-bg-n72-tau-5": {"3": [5.0, 100], "6": [1.01, 100], "9": [5.0, 100], "12": [5.0, 100], "15": [5.0, 100], "18": [5.0, 100], "21": [5.0, 100], "24": [5.0, 100], "27": [5.0, 100], "30": [5.0, 100], "33": [5.0, 100], "36": [5.0, 100], "39": [5.0, 100], "42": [5.0, 100], "45": [5.0, 100], "48": [5.0, 99], "51": [5.0, 94], "54": [5.0, 83], "57": [5.0, 62], "60": [5.0, 27], "63": [5.0, 7], "66": [5.0, 1]}, "small-bg-n72-tau-10": {"3": [10.0, 100], "6": [1.01, 100], "9": [10.0, 100], "12": [8.74, 100], "15": [10.0, 100], "18": [9.26, 100], "21": [10.0, 100], "24": [10.0, 100], "27": [10.0, 100], "30": [9.99, 100], "33": [8.64, 100], "36": [9.17, 100], "39": [9.28, 100], "42": [9.69, 100], "45": [9.737373737373737, 99], "48": [10.0, 94], "51": [9.96629213483146, 89], "54": [9.98360655737705, 61], "57": [10.0, 33], "60": [9.818181818181818, 11], "63": [10.0, 2]}, "small-bg-n72-tau-15": {"3": [14.99, 100], "6": [1.02, 100], "9": [15.0, 100], "12": [6.96, 100], "15": [15.0, 100], "18": [8.57, 100], "21": [15.0, 100], "24": [14.9, 100], "27": [14.81, 100], "30": [14.88, 100], "33": [7.78, 100], "36": [10.21, 100], "39": [11.04, 100], "42": [13.14, 100], "45": [13.285714285714286, 98], "48": [14.329787234042554, 94], "51": [14.115384615384615, 78], "54": [13.538461538461538, 52], "57": [14.55, 20], "60": [14.714285714285714, 7], "63": [15.0, 1]}, "small-bg-n72-tau-20": {"3": [19.8, 100], "6": [1.03, 100], "9": [20.0, 100], "12": [5.25, 100], "15": [20.0, 100], "18": [6.47, 100], "21": [20.0, 100], "24": [19.1, 100], "27": [18.23, 100], "30": [19.01, 100], "33": [7.22, 100], "36": [9.53, 100], "39": [11.55, 100], "42": [15.414141414141413, 99], "45": [15.288659793814434, 97], "48": [17.376344086021504, 93], "51": [16.835443037974684, 79], "54": [16.57777777777778, 45], "57": [18.875, 16], "60": [16.333333333333332, 3]}}