{"small-bg-n93-tau-20": {"3": [20.0, 100], "5": [20.0, 100], "7": [20.0, 100], "9": [20.0, 100], "11": [20.0, 100], "13": [20.0, 100], "15": [20.0, 100], "17": [20.0, 100], "19": [20.0, 100], "21": [20.0, 100], "23": [18.36, 100], "25": [13.61, 100], "27": [13.222222222222221, 99], "29": [12.787878787878787, 99], "31": [11.030303030303031, 99], "33": [8.323232323232324, 99], "35": [10.757575757575758, 99], "37": [10.535353535353535, 99], "39": [12.535353535353535, 99], "41": [14.797979797979798, 99], "43": [15.242424242424242, 99], "45": [16.04040404040404, 99], "47": [19.1734693877551, 98], "49": [17.32608695652174, 92], "51": [16.620253164556964, 79], "53": [17.42105263157895, 57], "55": [17.07894736842105, 38], "57": [16.16, 25], "59": [18.071428571428573, 14], "61": [14.666666666666666, 3], "63": [20.0, 1]}}