{"small-gauss-n100-tau-10": {"3": [10.0, 96], "6": [1.0, 96], "9": [10.0, 96], "12": [9.96875, 96], "15": [10.0, 96], "18": [9.989583333333334, 96], "21": [10.0, 96], "24": [10.0, 96], "27": [10.0, 96], "30": [10.0, 96], "33": [9.541666666666666, 96], "36": [9.541666666666666, 96], "39": [9.708333333333334, 96], "42": [10.0, 96], "45": [9.989583333333334, 96], "48": [10.0, 96], "51": [10.0, 92], "54": [10.0, 78], "57": [10.0, 49], "60": [10.0, 14]}}