{"small-gauss-n100-tau-20": {"3": [20.0, 100], "8": [1.0, 100], "13": [20.0, 100], "18": [19.04, 100], "23": [20.0, 100], "28": [19.96, 100], "33": [19.94, 100], "38": [16.64, 100], "43": [19.2, 100], "48": [19.75, 100], "53": [19.386363636363637, 88], "58": [18.3265306122449, 49], "63": [17.875, 8], "68": [17.0, 1]}}