{"small-bg-n93-tau-10": {"3": [10.0, 99], "4": [1.0, 99], "5": [10.0, 99], "6": [1.0, 99], "7": [10.0, 99], "8": [1.0101010101010102, 99], "9": [10.0, 99], "10": [1.6161616161616161, 99], "11": [10.0, 99], "12": [5.454545454545454, 99], "13": [10.0, 99], "14": [7.767676767676767, 99], "15": [10.0, 99], "16": [7.393939393939394, 99], "17": [10.0, 99], "18": [6.363636363636363, 99], "19": [10.0, 99], "20": [7.151515151515151, 99], "21": [10.0, 99], "22": [10.0, 99], "23": [10.0, 99], "24": [9.95959595959596, 99], "25": [9.93939393939394, 99], "26": [9.909090909090908, 99], "27": [9.808080808080808, 99], "28": [9.202020202020202, 99], "29": [9.212121212121213, 99], "30": [10.0, 99], "31": [8.292929292929292, 99], "32": [9.686868686868687, 99], "33": [7.191919191919192, 99], "34": [9.171717171717171, 99], "35": [7.858585858585859, 99], "36": [7.959595959595959, 99], "37": [8.212121212121213, 99], "38": [8.545454545454545, 99], "39": [8.868686868686869, 99], "40": [9.080808080808081, 99], "41": [9.666666666666666, 99], "42": [9.585858585858587, 99], "43": [9.53061224489796, 98], "44": [8.704081632653061, 98], "45": [9.795918367346939, 98], "46": [10.0, 98], "47": [10.0, 97], "48": [9.659574468085106, 94], "49": [9.929411764705883, 85], "50": [9.855263157894736, 76], "51": [9.944444444444445, 72], "52": [9.783333333333333, 60], "53": [9.925925925925926, 54], "54": [9.902439024390244, 41], "55": [9.911764705882353, 34], "56": [9.76, 25], "57": [10.0, 17], "58": [9.909090909090908, 11], "59": [9.88888888888889, 9], "60": [10.0, 6], "61": [10.0, 1]}}