{"small-bg-n72-tau-10": {"3": [10.0, 100], "4": [1.0, 100], "5": [10.0, 100], "6": [1.01, 100], "7": [10.0, 100], "8": [1.0, 100], "9": [10.0, 100], "10": [1.41, 100], "11": [10.0, 100], "12": [3.75, 100], "13": [10.0, 100], "14": [4.51, 100], "15": [10.0, 100], "16": [5.12, 100], "17": [10.0, 100], "18": [4.45, 100], "19": [10.0, 100], "20": [5.34, 100], "21": [10.0, 100], "22": [9.93, 100], "23": [9.92, 100], "24": [9.19, 100], "25": [8.55, 100], "26": [8.909090909090908, 99], "27": [8.777777777777779, 99], "28": [8.292929292929292, 99], "29": [8.575757575757576, 99], "30": [9.8989898989899, 99], "31": [8.171717171717171, 99], "32": [9.275510204081632, 98], "33": [7.326530612244898, 98], "34": [8.959183673469388, 98], "35": [8.081632653061224, 98], "36": [8.622448979591837, 98], "37": [8.371134020618557, 97], "38": [8.270833333333334, 96], "39": [9.072916666666666, 96], "40": [8.631578947368421, 95], "41": [9.115789473684211, 95], "42": [9.442105263157895, 95], "43": [9.159574468085106, 94], "44": [8.543478260869565, 92], "45": [9.477777777777778, 90], "46": [9.919540229885058, 87], "47": [9.847058823529412, 85], "48": [9.14102564102564, 78], "49": [9.554054054054054, 74], "50": [9.476190476190476, 63], "51": [9.6, 50], "52": [9.5, 38], "53": [9.777777777777779, 27], "54": [9.25, 16], "55": [10.0, 11], "56": [9.4, 5], "57": [9.5, 2], "58": [8.0, 2], "59": [10.0, 2]}}