{"small-gauss-n72-tau-10": {"3": [10.0, 100], "4": [1.0, 100], "5": [10.0, 100], "6": [1.0, 100], "7": [10.0, 100], "8": [1.03, 100], "9": [10.0, 100], "10": [1.34, 100], "11": [10.0, 100], "12": [3.51, 100], "13": [10.0, 100], "14": [4.86, 100], "15": [10.0, 100], "16": [5.13, 100], "17": [10.0, 100], "18": [4.68, 100], "19": [10.0, 100], "20": [5.13, 100], "21": [10.0, 100], "22": [9.96, 100], "23": [9.86, 100], "24": [9.12, 100], "25": [9.05, 100], "26": [8.33, 100], "27": [8.46, 100], "28": [8.313131313131313, 99], "29": [8.595959595959595, 99], "30": [9.98989898989899, 99], "31": [8.030303030303031, 99], "32": [9.393939393939394, 99], "33": [7.05050505050505, 99], "34": [9.13265306122449, 98], "35": [7.969387755102041, 98], "36": [8.46938775510204, 98], "37": [8.39795918367347, 98], "38": [8.510204081632653, 98], "39": [8.724489795918368, 98], "40": [9.010204081632653, 98], "41": [9.051546391752577, 97], "42": [9.23157894736842, 95], "43": [8.936170212765957, 94], "44": [8.817204301075268, 93], "45": [9.426966292134832, 89], "46": [9.845238095238095, 84], "47": [9.853658536585366, 82], "48": [9.355263157894736, 76], "49": [9.909090909090908, 66], "50": [9.482758620689655, 58], "51": [9.627450980392156, 51], "52": [9.31578947368421, 38], "53": [9.6875, 32], "54": [9.4, 25], "55": [9.75, 20], "56": [8.933333333333334, 15], "57": [10.0, 13], "58": [8.88888888888889, 9], "59": [9.666666666666666, 6], "60": [9.0, 4], "61": [10.0, 2]}}