{"small-bg-n72-tau-10": {"3": [10.0, 100], "6": [1.01, 100], "9": [10.0, 100], "12": [8.74, 100], "15": [10.0, 100], "18": [9.26, 100], "21": [10.0, 100], "24": [10.0, 100], "27": [10.0, 100], "30": [9.99, 100], "33": [8.64, 100], "36": [9.17, 100], "39": [9.28, 100], "42": [9.69, 100], "45": [9.737373737373737, 99], "48": [10.0, 94], "51": [9.96629213483146, 89], "54": [9.98360655737705, 61], "57": [10.0, 33], "60": [9.818181818181818, 11], "63": [10.0, 2]}}