{"small-bg-n93-tau-20": {"3": [20.0, 99], "8": [1.0, 99], "13": [20.0, 99], "18": [19.292929292929294, 99], "23": [20.0, 99], "28": [19.80808080808081, 99], "33": [19.656565656565657, 99], "38": [18.242424242424242, 99], "43": [18.181818181818183, 99], "48": [19.510204081632654, 98], "53": [19.126436781609197, 87], "58": [18.142857142857142, 49], "63": [19.0, 15], "60": [20.0, 1]}}