{"small-gauss-n72-tau-15": {"3": [14.99, 100], "6": [1.05, 100], "9": [15.0, 100], "12": [7.12, 100], "15": [15.0, 100], "18": [8.0, 100], "21": [15.0, 100], "24": [14.96, 100], "27": [14.89, 100], "30": [14.84, 100], "33": [7.58, 100], "36": [9.31, 100], "39": [10.606060606060606, 99], "42": [13.363636363636363, 99], "45": [13.212121212121213, 99], "48": [14.6875, 96], "51": [14.121951219512194, 82], "54": [14.307692307692308, 52], "57": [14.041666666666666, 24], "60": [15.0, 2]}}