{"small-bg-n100-tau-20": {"3": [20.0, 94], "6": [1.0, 94], "9": [20.0, 94], "12": [8.23404255319149, 94], "15": [20.0, 94], "18": [11.23404255319149, 94], "21": [20.0, 94], "24": [19.98936170212766, 94], "27": [19.98936170212766, 94], "30": [19.9468085106383, 94], "33": [7.170212765957447, 94], "36": [9.849462365591398, 93], "39": [12.118279569892474, 93], "42": [17.688172043010752, 93], "45": [17.835164835164836, 91], "48": [19.417582417582416, 91], "51": [18.89156626506024, 83], "54": [18.37037037037037, 54], "57": [18.076923076923077, 26], "60": [19.46153846153846, 13], "63": [17.333333333333332, 3]}}