{"small-bg-n100-tau-20": {"3": [20.0, 100], "8": [1.0, 100], "13": [20.0, 100], "18": [19.15, 100], "23": [20.0, 100], "28": [19.97, 100], "33": [19.91, 100], "38": [16.85, 100], "43": [18.99, 100], "48": [19.77777777777778, 99], "53": [19.301204819277107, 83], "58": [19.404761904761905, 42], "63": [19.285714285714285, 7], "68": [15.0, 1]}}