{"small-bg-n93-tau-5": {"3": [5.0, 100], "5": [5.0, 100], "7": [5.0, 100], "9": [5.0, 100], "11": [5.0, 100], "13": [5.0, 100], "15": [5.0, 100], "17": [5.0, 100], "19": [5.0, 100], "21": [5.0, 100], "23": [5.0, 100], "25": [5.0, 100], "27": [5.0, 100], "29": [5.0, 100], "31": [5.0, 100], "33": [5.0, 100], "35": [5.0, 100], "37": [5.0, 100], "39": [5.0, 100], "41": [5.0, 100], "43": [5.0, 100], "45": [5.0, 100], "47": [5.0, 100], "49": [5.0, 97], "51": [5.0, 95], "53": [5.0, 85], "55": [5.0, 71], "57": [5.0, 54], "59": [5.0, 38], "61": [5.0, 19], "63": [5.0, 7], "65": [5.0, 2]}, "small-bg-n93-tau-10": {"3": [10.0, 100], "5": [10.0, 100], "7": [10.0, 100], "9": [10.0, 100], "11": [10.0, 100], "13": [10.0, 100], "15": [10.0, 100], "17": [10.0, 100], "19": [10.0, 100], "21": [10.0, 100], "23": [10.0, 100], "25": [10.0, 100], "27": [10.0, 100], "29": [9.98, 100], "31": [9.33, 100], "33": [8.32, 100], "35": [8.94, 100], "37": [8.79, 100], "39": [9.26, 100], "41": [9.85, 100], "43": [9.878787878787879, 99], "45": [9.878787878787879, 99], "47": [10.0, 99], "49": [10.0, 91], "51": [9.987654320987655, 81], "53": [10.0, 63], "55": [10.0, 50], "57": [10.0, 33], "59": [10.0, 16], "61": [10.0, 6], "63": [10.0, 5], "65": [10.0, 1]}, "small-bg-n93-tau-15": {"3": [15.0, 98], "5": [15.0, 98], "7": [15.0, 98], "9": [15.0, 98], "11": [15.0, 98], "13": [15.0, 98], "15": [15.0, 98], "17": [15.0, 98], "19": [15.0, 98], "21": [15.0, 98], "23": [14.89795918367347, 98], "25": [14.03061224489796, 98], "27": [13.46938775510204, 98], "29": [11.959183673469388, 98], "31": [11.448979591836734, 98], "33": [8.459183673469388, 98], "35": [11.224489795918368, 98], "37": [10.071428571428571, 98], "39": [11.53061224489796, 98], "41": [13.0, 97], "43": [13.70103092783505, 97], "45": [13.333333333333334, 96], "47": [14.935483870967742, 93], "49": [14.63953488372093, 86], "51": [14.054794520547945, 73], "53": [14.27450980392157, 51], "55": [14.457142857142857, 35], "57": [14.789473684210526, 19], "60": [15.0, 2], "59": [14.666666666666666, 9], "61": [13.4, 5], "63": [15.0, 1]}, "small-bg-n93-tau-20": {"3": [20.0, 100], "5": [20.0, 100], "7": [20.0, 100], "9": [20.0, 100], "11": [20.0, 100], "13": [20.0, 100], "15": [20.0, 100], "17": [20.0, 100], "19": [20.0, 100], "21": [20.0, 100], "23": [18.36, 100], "25": [13.61, 100], "27": [13.222222222222221, 99], "29": [12.787878787878787, 99], "31": [11.030303030303031, 99], "33": [8.323232323232324, 99], "35": [10.757575757575758, 99], "37": [10.535353535353535, 99], "39": [12.535353535353535, 99], "41": [14.797979797979798, 99], "43": [15.242424242424242, 99], "45": [16.04040404040404, 99], "47": [19.1734693877551, 98], "49": [17.32608695652174, 92], "51": [16.620253164556964, 79], "53": [17.42105263157895, 57], "55": [17.07894736842105, 38], "57": [16.16, 25], "59": [18.071428571428573, 14], "61": [14.666666666666666, 3], "63": [20.0, 1]}}