{"small-gauss-n72-tau-5": {"3": [5.0, 100], "8": [1.01, 100], "13": [5.0, 100], "18": [5.0, 100], "23": [5.0, 100], "28": [5.0, 100], "33": [5.0, 100], "38": [5.0, 100], "43": [5.0, 100], "48": [5.0, 100], "53": [5.0, 95], "58": [5.0, 63], "63": [5.0, 34], "68": [5.0, 4]}, "small-gauss-n72-tau-10": {"3": [10.0, 100], "8": [1.03, 100], "13": [10.0, 100], "18": [9.99, 100], "23": [10.0, 100], "28": [10.0, 100], "33": [10.0, 100], "38": [9.94949494949495, 99], "43": [9.98989898989899, 99], "48": [10.0, 98], "53": [10.0, 85], "58": [9.980392156862745, 51], "63": [10.0, 18], "68": [10.0, 1]}, "small-gauss-n72-tau-15": {"3": [14.9, 100], "8": [1.13, 100], "13": [15.0, 100], "18": [13.6, 100], "23": [15.0, 100], "28": [14.79, 100], "33": [14.56, 100], "38": [13.74, 100], "43": [13.928571428571429, 98], "48": [14.762886597938145, 97], "53": [14.734177215189874, 79], "58": [14.777777777777779, 36], "63": [13.666666666666666, 6], "68": [10.0, 1]}, "small-gauss-n72-tau-20": {"3": [19.41, 100], "8": [1.21, 100], "13": [20.0, 100], "18": [13.17, 100], "23": [20.0, 100], "28": [17.69, 100], "33": [17.34, 100], "38": [14.767676767676768, 99], "43": [16.309278350515463, 97], "48": [18.34065934065934, 91], "53": [17.22222222222222, 72], "58": [16.216216216216218, 37], "63": [16.3, 10]}}