{"small-bg-n93-tau-15": {"3": [15.0, 98], "5": [15.0, 98], "7": [15.0, 98], "9": [15.0, 98], "11": [15.0, 98], "13": [15.0, 98], "15": [15.0, 98], "17": [15.0, 98], "19": [15.0, 98], "21": [15.0, 98], "23": [14.89795918367347, 98], "25": [14.03061224489796, 98], "27": [13.46938775510204, 98], "29": [11.959183673469388, 98], "31": [11.448979591836734, 98], "33": [8.459183673469388, 98], "35": [11.224489795918368, 98], "37": [10.071428571428571, 98], "39": [11.53061224489796, 98], "41": [13.0, 97], "43": [13.70103092783505, 97], "45": [13.333333333333334, 96], "47": [14.935483870967742, 93], "49": [14.63953488372093, 86], "51": [14.054794520547945, 73], "53": [14.27450980392157, 51], "55": [14.457142857142857, 35], "57": [14.789473684210526, 19], "60": [15.0, 2], "59": [14.666666666666666, 9], "61": [13.4, 5], "63": [15.0, 1]}}