{"small-bg-n93-tau-1": {"3": [1.0, 100], "6": [1.0, 100], "9": [1.0, 100], "12": [1.0, 100], "15": [1.0, 100], "18": [1.0, 100], "21": [1.0, 100], "24": [1.0, 100], "27": [1.0, 100], "30": [1.0, 100], "33": [1.0, 100], "36": [1.0, 100], "39": [1.0, 100], "42": [1.0, 100], "45": [1.0, 100], "48": [1.0, 100], "51": [1.0, 100], "54": [1.0, 100], "57": [1.0, 100], "60": [1.0, 100], "63": [1.0, 91], "66": [1.0, 64], "69": [1.0, 28]}, "small-bg-n93-tau-5": {"3": [5.0, 99], "6": [1.0, 99], "9": [5.0, 99], "12": [5.0, 99], "15": [5.0, 99], "18": [5.0, 99], "21": [5.0, 99], "24": [5.0, 99], "27": [5.0, 99], "30": [5.0, 99], "33": [5.0, 99], "36": [5.0, 99], "39": [5.0, 99], "42": [5.0, 99], "45": [5.0, 99], "48": [5.0, 99], "51": [5.0, 98], "54": [5.0, 94], "57": [5.0, 82], "60": [5.0, 53], "63": [5.0, 17], "66": [5.0, 1]}, "small-bg-n93-tau-10": {"3": [10.0, 100], "6": [1.0, 100], "9": [10.0, 100], "12": [9.93, 100], "15": [10.0, 100], "18": [9.99, 100], "21": [10.0, 100], "24": [10.0, 100], "27": [10.0, 100], "30": [10.0, 100], "33": [9.55, 100], "36": [9.68, 100], "39": [9.48, 100], "42": [9.98, 100], "45": [9.98, 100], "48": [10.0, 99], "51": [10.0, 96], "54": [10.0, 85], "57": [10.0, 59], "60": [9.95, 20], "63": [10.0, 2]}, "small-bg-n93-tau-15": {"3": [14.98989898989899, 99], "6": [1.0, 99], "9": [15.0, 99], "12": [12.02020202020202, 99], "15": [15.0, 99], "18": [12.848484848484848, 99], "21": [15.0, 99], "24": [15.0, 99], "27": [15.0, 99], "30": [15.0, 99], "33": [8.777777777777779, 99], "36": [11.232323232323232, 99], "39": [11.797979797979798, 99], "42": [14.292929292929292, 99], "45": [14.01010101010101, 99], "48": [14.96938775510204, 98], "51": [14.625, 88], "54": [14.621621621621621, 74], "57": [14.763157894736842, 38], "60": [14.533333333333333, 15], "63": [15.0, 2]}, "small-bg-n93-tau-20": {"3": [19.91919191919192, 99], "6": [1.0, 99], "9": [20.0, 99], "12": [8.8989898989899, 99], "15": [20.0, 99], "18": [10.414141414141413, 99], "21": [20.0, 99], "24": [20.0, 99], "27": [19.97979797979798, 99], "30": [19.88888888888889, 99], "33": [7.656565656565657, 99], "36": [9.202020202020202, 99], "39": [11.656565656565656, 99], "42": [16.92929292929293, 99], "45": [16.737373737373737, 99], "48": [18.916666666666668, 96], "51": [18.333333333333332, 84], "54": [18.25, 68], "57": [19.303030303030305, 33], "60": [19.833333333333332, 6], "63": [20.0, 1]}}