{"small-bg-n100-tau-15": {"3": [15.0, 47], "8": [1.0, 47], "13": [15.0, 47], "18": [15.0, 47], "23": [15.0, 47], "28": [15.0, 47], "33": [15.0, 47], "38": [14.893617021276595, 47], "43": [14.872340425531915, 47], "48": [15.0, 47], "53": [15.0, 45], "58": [15.0, 22], "60": [15.0, 3], "63": [15.0, 3]}}