{"small-gauss-n100-tau-20": {"3": [20.0, 96], "4": [1.0, 96], "5": [20.0, 96], "6": [1.0, 96], "7": [20.0, 96], "8": [1.0, 96], "9": [20.0, 96], "10": [1.2604166666666667, 96], "11": [20.0, 96], "12": [3.2291666666666665, 96], "13": [20.0, 96], "14": [3.9166666666666665, 96], "15": [20.0, 96], "16": [4.583333333333333, 96], "17": [20.0, 96], "18": [4.197916666666667, 96], "19": [20.0, 96], "20": [5.072916666666667, 96], "21": [19.927083333333332, 96], "22": [19.229166666666668, 96], "23": [17.020833333333332, 96], "24": [14.041666666666666, 96], "25": [10.291666666666666, 96], "26": [12.541666666666666, 96], "27": [11.3125, 96], "28": [12.71875, 96], "29": [9.135416666666666, 96], "30": [18.322916666666668, 96], "31": [8.572916666666666, 96], "32": [15.552083333333334, 96], "33": [6.770833333333333, 96], "34": [13.020833333333334, 96], "35": [7.75, 96], "36": [9.020833333333334, 96], "37": [9.53125, 96], "38": [10.3125, 96], "39": [12.020833333333334, 96], "40": [11.635416666666666, 96], "41": [14.104166666666666, 96], "42": [13.84375, 96], "43": [13.364583333333334, 96], "44": [11.322916666666666, 96], "45": [14.791666666666666, 96], "46": [18.270833333333332, 96], "47": [17.23076923076923, 91], "48": [13.80952380952381, 84], "49": [17.582278481012658, 79], "50": [14.848484848484848, 66], "51": [16.05263157894737, 57], "52": [15.209302325581396, 43], "53": [16.366666666666667, 30], "54": [18.181818181818183, 11], "55": [20.0, 2], "60": [20.0, 4]}}