{"small-gauss-n100-tau-15": {"3": [15.0, 88], "4": [1.0, 88], "5": [15.0, 88], "6": [1.0, 88], "7": [15.0, 88], "8": [1.0, 88], "9": [15.0, 88], "10": [1.4204545454545454, 88], "11": [15.0, 88], "12": [3.7613636363636362, 88], "13": [15.0, 88], "14": [5.0227272727272725, 88], "15": [15.0, 88], "16": [5.454545454545454, 88], "17": [15.0, 88], "18": [4.670454545454546, 88], "19": [15.0, 88], "20": [5.306818181818182, 88], "21": [15.0, 88], "22": [14.875, 88], "23": [14.829545454545455, 88], "24": [13.454545454545455, 88], "25": [12.181818181818182, 88], "26": [12.761363636363637, 88], "27": [11.363636363636363, 88], "28": [11.238636363636363, 88], "29": [10.681818181818182, 88], "30": [14.465909090909092, 88], "31": [8.238636363636363, 88], "32": [12.761363636363637, 88], "33": [6.954545454545454, 88], "34": [11.715909090909092, 88], "35": [7.840909090909091, 88], "36": [8.204545454545455, 88], "37": [9.261363636363637, 88], "38": [10.034090909090908, 88], "39": [10.727272727272727, 88], "40": [10.477272727272727, 88], "41": [12.829545454545455, 88], "42": [13.181818181818182, 88], "43": [11.241379310344827, 87], "44": [11.114942528735632, 87], "45": [13.35632183908046, 87], "46": [14.735632183908047, 87], "47": [14.72289156626506, 83], "48": [12.866666666666667, 75], "49": [14.36986301369863, 73], "50": [12.955882352941176, 68], "51": [13.807017543859649, 57], "52": [13.204545454545455, 44], "53": [13.93939393939394, 33], "54": [13.1, 20], "60": [15.0, 12], "55": [14.272727272727273, 11], "56": [14.25, 4]}}