{"small-bg-n72-tau-20": {"3": [19.8, 100], "5": [20.0, 100], "7": [20.0, 100], "9": [20.0, 100], "11": [20.0, 100], "13": [20.0, 100], "15": [20.0, 100], "17": [19.93, 100], "19": [19.96, 100], "21": [17.82, 100], "23": [14.04, 100], "25": [9.45, 100], "27": [10.76, 100], "29": [11.0, 100], "31": [11.04, 100], "33": [9.26, 100], "35": [11.03, 100], "37": [10.48, 100], "39": [12.11, 100], "41": [13.68, 100], "43": [12.676767676767676, 99], "45": [13.858585858585858, 99], "47": [17.094736842105263, 95], "49": [14.902439024390244, 82], "51": [15.813559322033898, 59], "53": [16.55263157894737, 38], "55": [13.777777777777779, 18], "57": [16.11111111111111, 9], "59": [17.0, 2]}}