{"small-bg-n93-tau-1": {"3": [1.0, 100], "5": [1.0, 100], "7": [1.0, 100], "9": [1.0, 100], "11": [1.0, 100], "13": [1.0, 100], "15": [1.0, 100], "17": [1.0, 100], "19": [1.0, 100], "21": [1.0, 100], "23": [1.0, 100], "25": [1.0, 100], "27": [1.0, 100], "29": [1.0, 100], "31": [1.0, 100], "33": [1.0, 100], "35": [1.0, 100], "37": [1.0, 100], "39": [1.0, 100], "41": [1.0, 100], "43": [1.0, 100], "45": [1.0, 100], "47": [1.0, 100], "49": [1.0, 100], "51": [1.0, 100], "53": [1.0, 99], "55": [1.0, 97], "57": [1.0, 96], "59": [1.0, 92], "61": [1.0, 80], "63": [1.0, 65], "65": [1.0, 39], "67": [1.0, 18], "69": [1.0, 6]}, "small-bg-n93-tau-5": {"3": [5.0, 100], "5": [5.0, 100], "7": [5.0, 100], "9": [5.0, 100], "11": [5.0, 100], "13": [5.0, 100], "15": [5.0, 100], "17": [5.0, 100], "19": [5.0, 100], "21": [5.0, 100], "23": [5.0, 100], "25": [5.0, 100], "27": [5.0, 100], "29": [5.0, 100], "31": [5.0, 100], "33": [5.0, 100], "35": [5.0, 100], "37": [5.0, 100], "39": [5.0, 100], "41": [5.0, 100], "43": [5.0, 100], "45": [5.0, 100], "47": [5.0, 100], "49": [5.0, 100], "51": [5.0, 95], "53": [5.0, 88], "55": [5.0, 73], "57": [5.0, 54], "59": [5.0, 34], "61": [5.0, 14], "63": [5.0, 7]}, "small-bg-n93-tau-10": {"3": [10.0, 99], "5": [10.0, 99], "7": [10.0, 99], "9": [10.0, 99], "11": [10.0, 99], "13": [10.0, 99], "15": [10.0, 99], "17": [10.0, 99], "19": [10.0, 99], "21": [10.0, 99], "23": [10.0, 99], "25": [10.0, 99], "27": [9.94949494949495, 99], "29": [9.93939393939394, 99], "31": [9.313131313131313, 99], "33": [8.535353535353535, 99], "35": [9.141414141414142, 99], "37": [8.83838383838384, 99], "39": [9.090909090909092, 99], "41": [9.767676767676768, 99], "43": [9.737373737373737, 99], "45": [9.929292929292929, 99], "47": [10.0, 99], "49": [10.0, 95], "51": [10.0, 87], "53": [9.986842105263158, 76], "55": [10.0, 54], "60": [10.0, 1], "57": [10.0, 32], "59": [10.0, 19], "61": [10.0, 6]}, "small-bg-n93-tau-15": {"3": [14.989795918367347, 98], "5": [15.0, 98], "7": [15.0, 98], "9": [15.0, 98], "11": [15.0, 98], "13": [15.0, 98], "15": [15.0, 98], "17": [15.0, 98], "19": [15.0, 98], "21": [15.0, 98], "23": [14.989795918367347, 98], "25": [14.16326530612245, 98], "27": [13.244897959183673, 98], "29": [12.806122448979592, 98], "31": [10.96938775510204, 98], "33": [9.040816326530612, 98], "35": [10.653061224489797, 98], "37": [9.66326530612245, 98], "39": [11.581632653061224, 98], "41": [13.13265306122449, 98], "43": [13.857142857142858, 98], "45": [13.826530612244898, 98], "47": [14.918367346938776, 98], "49": [14.576086956521738, 92], "51": [14.176470588235293, 85], "53": [14.530303030303031, 66], "55": [14.179487179487179, 39], "57": [14.285714285714286, 21], "60": [15.0, 2], "59": [15.0, 9], "61": [15.0, 2]}, "small-bg-n93-tau-20": {"3": [19.91919191919192, 99], "5": [20.0, 99], "7": [20.0, 99], "9": [20.0, 99], "11": [20.0, 99], "13": [20.0, 99], "15": [20.0, 99], "17": [20.0, 99], "19": [20.0, 99], "21": [20.0, 99], "23": [18.171717171717173, 99], "25": [13.434343434343434, 99], "27": [13.787878787878787, 99], "29": [13.11111111111111, 99], "31": [11.363636363636363, 99], "33": [9.01010101010101, 99], "35": [10.303030303030303, 99], "37": [10.565656565656566, 99], "39": [12.95959595959596, 99], "41": [15.222222222222221, 99], "43": [15.747474747474747, 99], "45": [15.969696969696969, 99], "47": [19.19191919191919, 99], "49": [17.606382978723403, 94], "51": [17.530864197530864, 81], "53": [17.672131147540984, 61], "55": [17.625, 40], "57": [16.833333333333332, 12], "59": [14.5, 4], "60": [20.0, 1], "61": [16.0, 2]}}