{"small-bg-n93-tau-5": {"3": [5.0, 100], "8": [1.01, 100], "13": [5.0, 100], "18": [5.0, 100], "23": [5.0, 100], "28": [5.0, 100], "33": [5.0, 100], "38": [5.0, 100], "43": [5.0, 100], "48": [5.0, 100], "53": [5.0, 99], "58": [5.0, 87], "63": [5.0, 48], "68": [5.0, 10]}, "small-bg-n93-tau-10": {"3": [10.0, 99], "8": [1.0, 99], "13": [10.0, 99], "18": [10.0, 99], "23": [10.0, 99], "28": [10.0, 99], "33": [10.0, 99], "38": [10.0, 99], "43": [10.0, 99], "48": [10.0, 99], "53": [10.0, 95], "58": [10.0, 70], "63": [10.0, 18], "60": [10.0, 1], "68": [10.0, 3]}, "small-bg-n93-tau-15": {"3": [15.0, 100], "8": [1.0, 100], "13": [15.0, 100], "18": [14.96, 100], "23": [15.0, 100], "28": [15.0, 100], "33": [15.0, 100], "38": [14.88, 100], "43": [14.81, 100], "48": [14.95, 100], "53": [14.968421052631578, 95], "58": [14.912280701754385, 57], "63": [15.0, 16]}, "small-bg-n93-tau-20": {"3": [20.0, 99], "8": [1.0, 99], "13": [20.0, 99], "18": [19.292929292929294, 99], "23": [20.0, 99], "28": [19.80808080808081, 99], "33": [19.656565656565657, 99], "38": [18.242424242424242, 99], "43": [18.181818181818183, 99], "48": [19.510204081632654, 98], "53": [19.126436781609197, 87], "58": [18.142857142857142, 49], "63": [19.0, 15], "60": [20.0, 1]}}