{"small-gauss-n72-tau-20": {"3": [19.41, 100], "8": [1.21, 100], "13": [20.0, 100], "18": [13.17, 100], "23": [20.0, 100], "28": [17.69, 100], "33": [17.34, 100], "38": [14.767676767676768, 99], "43": [16.309278350515463, 97], "48": [18.34065934065934, 91], "53": [17.22222222222222, 72], "58": [16.216216216216218, 37], "63": [16.3, 10]}}