{"small-gauss-n72-tau-10": {"3": [10.0, 100], "4": [1.0, 100], "5": [10.0, 100], "6": [1.0, 100], "7": [10.0, 100], "8": [1.02, 100], "9": [10.0, 100], "10": [1.42, 100], "11": [10.0, 100], "12": [3.62, 100], "13": [10.0, 100], "14": [4.5, 100], "15": [10.0, 100], "16": [4.97, 100], "17": [10.0, 100], "18": [4.73, 100], "19": [10.0, 100], "20": [4.82, 100], "21": [10.0, 100], "22": [10.0, 100], "23": [9.7, 100], "24": [9.45, 100], "25": [9.15, 100], "26": [8.63, 100], "27": [8.53, 100], "28": [8.32, 100], "29": [8.41, 100], "30": [9.85, 100], "31": [7.66, 100], "32": [9.42, 100], "33": [7.32, 100], "34": [9.17, 100], "35": [7.898989898989899, 99], "36": [8.373737373737374, 99], "37": [8.191919191919192, 99], "38": [8.777777777777779, 99], "39": [8.808080808080808, 99], "40": [8.828282828282829, 99], "41": [9.212121212121213, 99], "42": [9.326530612244898, 98], "43": [9.051020408163266, 98], "44": [8.608247422680412, 97], "45": [9.463157894736842, 95], "46": [9.797872340425531, 94], "47": [9.855555555555556, 90], "48": [9.241379310344827, 87], "49": [9.807692307692308, 78], "50": [9.565217391304348, 69], "51": [9.694915254237289, 59], "52": [9.516129032258064, 31], "53": [9.625, 24], "54": [9.266666666666667, 15], "55": [9.857142857142858, 7], "56": [8.666666666666666, 3], "57": [10.0, 2]}}