{"small-bg-n72-tau-20": {"3": [19.8, 100], "6": [1.03, 100], "9": [20.0, 100], "12": [5.25, 100], "15": [20.0, 100], "18": [6.47, 100], "21": [20.0, 100], "24": [19.1, 100], "27": [18.23, 100], "30": [19.01, 100], "33": [7.22, 100], "36": [9.53, 100], "39": [11.55, 100], "42": [15.414141414141413, 99], "45": [15.288659793814434, 97], "48": [17.376344086021504, 93], "51": [16.835443037974684, 79], "54": [16.57777777777778, 45], "57": [18.875, 16], "60": [16.333333333333332, 3]}}