{"small-gauss-n72-tau-20": {"3": [19.76, 100], "6": [1.06, 100], "9": [20.0, 100], "12": [5.13, 100], "15": [20.0, 100], "18": [6.66, 100], "21": [20.0, 100], "24": [18.67, 100], "27": [17.47, 100], "30": [19.12, 100], "33": [7.68, 100], "36": [9.72, 100], "39": [11.05, 100], "42": [15.11, 100], "45": [14.54, 100], "48": [17.38, 100], "51": [16.468354430379748, 79], "54": [17.375, 48], "57": [17.533333333333335, 15], "60": [10.0, 1]}}