{"small-bg-n93-tau-10": {"3": [10.0, 100], "4": [1.0, 100], "5": [10.0, 100], "6": [1.0, 100], "7": [10.0, 100], "8": [1.0, 100], "9": [10.0, 100], "10": [1.7, 100], "11": [10.0, 100], "12": [5.71, 100], "13": [10.0, 100], "14": [7.6, 100], "15": [10.0, 100], "16": [7.6, 100], "17": [10.0, 100], "18": [6.12, 100], "19": [10.0, 100], "20": [6.19, 100], "21": [10.0, 100], "22": [10.0, 100], "23": [10.0, 100], "24": [10.0, 100], "25": [9.99, 100], "26": [9.83, 100], "27": [9.9, 100], "28": [9.31, 100], "29": [9.25, 100], "30": [9.98, 100], "31": [8.06, 100], "32": [9.56, 100], "33": [7.03, 100], "34": [9.29, 100], "35": [8.18, 100], "36": [8.05, 100], "37": [8.29, 100], "38": [8.48, 100], "39": [8.91, 100], "40": [8.93, 100], "41": [9.65, 100], "42": [9.7, 100], "43": [9.12, 100], "44": [8.73, 100], "45": [9.9, 100], "46": [10.0, 100], "47": [10.0, 100], "48": [9.646464646464647, 99], "49": [9.956989247311828, 93], "50": [9.74712643678161, 87], "51": [9.947368421052632, 76], "52": [9.761194029850746, 67], "53": [9.928571428571429, 56], "54": [9.674418604651162, 43], "55": [9.882352941176471, 34], "56": [9.714285714285714, 21], "57": [10.0, 13], "58": [8.0, 4], "59": [10.0, 2]}}