{"small-gauss-n100-tau-15": {"3": [15.0, 100], "8": [1.0, 100], "13": [15.0, 100], "18": [15.0, 100], "23": [15.0, 100], "28": [15.0, 100], "33": [15.0, 100], "38": [14.58, 100], "43": [14.97, 100], "48": [15.0, 100], "53": [14.989583333333334, 96], "58": [14.98076923076923, 52], "63": [14.833333333333334, 6]}}