{"small-gauss-n72-tau-15": {"3": [14.9, 100], "4": [1.0, 100], "5": [15.0, 100], "6": [1.0, 100], "7": [15.0, 100], "8": [1.0, 100], "9": [15.0, 100], "10": [1.18, 100], "11": [15.0, 100], "12": [2.64, 100], "13": [15.0, 100], "14": [3.75, 100], "15": [15.0, 100], "16": [3.46, 100], "17": [15.0, 100], "18": [3.76, 100], "19": [15.0, 100], "20": [4.19, 100], "21": [14.75, 100], "22": [13.787878787878787, 99], "23": [12.747474747474747, 99], "24": [10.171717171717171, 99], "25": [9.06060606060606, 99], "26": [9.535353535353535, 99], "27": [9.525252525252526, 99], "28": [9.818181818181818, 99], "29": [9.242424242424242, 99], "30": [14.346938775510203, 98], "31": [8.144329896907216, 97], "32": [12.34375, 96], "33": [7.063157894736842, 95], "34": [11.821052631578947, 95], "35": [8.8, 95], "36": [9.51086956521739, 92], "37": [9.130434782608695, 92], "38": [10.0, 91], "39": [10.626373626373626, 91], "40": [11.021978021978022, 91], "41": [11.758241758241759, 91], "42": [11.55056179775281, 89], "43": [11.261363636363637, 88], "44": [11.162790697674419, 86], "45": [12.037037037037036, 81], "46": [13.5125, 80], "47": [13.91891891891892, 74], "48": [11.863636363636363, 66], "49": [12.61111111111111, 54], "50": [11.577777777777778, 45], "51": [12.91891891891892, 37], "52": [11.033333333333333, 30], "53": [11.272727272727273, 22], "54": [13.222222222222221, 18], "55": [12.615384615384615, 13], "56": [12.4, 10], "57": [13.142857142857142, 7], "58": [12.6, 5], "59": [14.0, 3]}}