{"small-gauss-n72-tau-15": {"3": [14.9, 100], "8": [1.13, 100], "13": [15.0, 100], "18": [13.6, 100], "23": [15.0, 100], "28": [14.79, 100], "33": [14.56, 100], "38": [13.74, 100], "43": [13.928571428571429, 98], "48": [14.762886597938145, 97], "53": [14.734177215189874, 79], "58": [14.777777777777779, 36], "63": [13.666666666666666, 6], "68": [10.0, 1]}}