{"small-gauss-n100-tau-15": {"3": [15.0, 99], "6": [1.0, 99], "9": [15.0, 99], "12": [11.565656565656566, 99], "15": [15.0, 99], "18": [12.929292929292929, 99], "21": [15.0, 99], "24": [15.0, 99], "27": [15.0, 99], "30": [15.0, 99], "33": [10.04040404040404, 99], "36": [10.797979797979798, 99], "39": [12.202020202020202, 99], "42": [14.585858585858587, 99], "45": [14.282828282828282, 99], "48": [14.938775510204081, 98], "51": [14.829787234042554, 94], "54": [14.902777777777779, 72], "57": [14.931034482758621, 29], "60": [15.0, 2]}}