{"small-bg-n72-tau-1": {"3": [1.0, 100], "5": [1.0, 100], "7": [1.0, 100], "9": [1.0, 100], "11": [1.0, 100], "13": [1.0, 100], "15": [1.0, 100], "17": [1.0, 100], "19": [1.0, 100], "21": [1.0, 100], "23": [1.0, 100], "25": [1.0, 100], "27": [1.0, 100], "29": [1.0, 100], "31": [1.0, 100], "33": [1.0, 100], "35": [1.0, 100], "37": [1.0, 100], "39": [1.0, 100], "41": [1.0, 100], "43": [1.0, 100], "45": [1.0, 100], "47": [1.0, 100], "49": [1.0, 100], "51": [1.0, 100], "53": [1.0, 98], "55": [1.0, 92], "57": [1.0, 88], "59": [1.0, 70], "61": [1.0, 56], "63": [1.0, 36], "65": [1.0, 24], "67": [1.0, 7], "69": [1.0, 3]}, "small-bg-n72-tau-5": {"3": [5.0, 100], "5": [5.0, 100], "7": [5.0, 100], "9": [5.0, 100], "11": [5.0, 100], "13": [5.0, 100], "15": [5.0, 100], "17": [5.0, 100], "19": [5.0, 100], "21": [5.0, 100], "23": [5.0, 100], "25": [5.0, 100], "27": [5.0, 100], "29": [5.0, 100], "31": [5.0, 100], "33": [5.0, 100], "35": [5.0, 100], "37": [5.0, 100], "39": [5.0, 100], "41": [5.0, 100], "43": [5.0, 99], "45": [5.0, 98], "47": [5.0, 98], "49": [5.0, 95], "51": [5.0, 89], "53": [5.0, 69], "55": [5.0, 49], "57": [5.0, 30], "59": [5.0, 19], "61": [5.0, 7], "63": [5.0, 1]}, "small-bg-n72-tau-10": {"3": [10.0, 100], "5": [10.0, 100], "7": [10.0, 100], "9": [10.0, 100], "11": [10.0, 100], "13": [10.0, 100], "15": [10.0, 100], "17": [10.0, 100], "19": [10.0, 100], "21": [10.0, 100], "23": [10.0, 100], "25": [9.72, 100], "27": [9.65, 100], "29": [9.32, 100], "31": [8.85, 100], "33": [8.1, 100], "35": [9.151515151515152, 99], "37": [8.767676767676768, 99], "39": [8.787878787878787, 99], "41": [9.434343434343434, 99], "43": [9.479591836734693, 98], "45": [9.484536082474227, 97], "47": [10.0, 94], "49": [9.887640449438202, 89], "51": [9.86111111111111, 72], "53": [9.963636363636363, 55], "55": [9.852941176470589, 34], "57": [10.0, 19], "59": [9.75, 4], "61": [10.0, 1]}, "small-bg-n72-tau-15": {"3": [14.99, 100], "5": [15.0, 100], "7": [15.0, 100], "9": [15.0, 100], "11": [15.0, 100], "13": [15.0, 100], "15": [15.0, 100], "17": [15.0, 100], "19": [15.0, 100], "21": [14.65, 100], "23": [13.33, 100], "25": [11.26, 100], "27": [11.32, 100], "29": [10.14, 100], "31": [10.48, 100], "33": [9.55, 100], "35": [10.99, 100], "37": [9.606060606060606, 99], "39": [11.181818181818182, 99], "41": [12.0, 99], "43": [12.561224489795919, 98], "45": [12.237113402061855, 97], "47": [14.375, 96], "49": [13.602409638554217, 83], "51": [12.985507246376812, 69], "53": [13.727272727272727, 44], "55": [13.727272727272727, 22], "57": [14.0, 7], "59": [15.0, 2]}, "small-bg-n72-tau-20": {"3": [19.8, 100], "5": [20.0, 100], "7": [20.0, 100], "9": [20.0, 100], "11": [20.0, 100], "13": [20.0, 100], "15": [20.0, 100], "17": [19.93, 100], "19": [19.96, 100], "21": [17.82, 100], "23": [14.04, 100], "25": [9.45, 100], "27": [10.76, 100], "29": [11.0, 100], "31": [11.04, 100], "33": [9.26, 100], "35": [11.03, 100], "37": [10.48, 100], "39": [12.11, 100], "41": [13.68, 100], "43": [12.676767676767676, 99], "45": [13.858585858585858, 99], "47": [17.094736842105263, 95], "49": [14.902439024390244, 82], "51": [15.813559322033898, 59], "53": [16.55263157894737, 38], "55": [13.777777777777779, 18], "57": [16.11111111111111, 9], "59": [17.0, 2]}}