{"small-bg-n93-tau-10": {"3": [10.0, 99], "5": [10.0, 99], "7": [10.0, 99], "9": [10.0, 99], "11": [10.0, 99], "13": [10.0, 99], "15": [10.0, 99], "17": [10.0, 99], "19": [10.0, 99], "21": [10.0, 99], "23": [10.0, 99], "25": [10.0, 99], "27": [9.94949494949495, 99], "29": [9.93939393939394, 99], "31": [9.313131313131313, 99], "33": [8.535353535353535, 99], "35": [9.141414141414142, 99], "37": [8.83838383838384, 99], "39": [9.090909090909092, 99], "41": [9.767676767676768, 99], "43": [9.737373737373737, 99], "45": [9.929292929292929, 99], "47": [10.0, 99], "49": [10.0, 95], "51": [10.0, 87], "53": [9.986842105263158, 76], "55": [10.0, 54], "60": [10.0, 1], "57": [10.0, 32], "59": [10.0, 19], "61": [10.0, 6]}}