{"small-gauss-n72-tau-20": {"3": [19.76, 100], "4": [1.0, 100], "5": [20.0, 100], "6": [1.0, 100], "7": [20.0, 100], "8": [1.0, 100], "9": [20.0, 100], "10": [1.12, 100], "11": [20.0, 100], "12": [2.41, 100], "13": [20.0, 100], "14": [3.09, 100], "15": [20.0, 100], "16": [2.89, 100], "17": [20.0, 100], "18": [3.27, 100], "19": [19.93, 100], "20": [3.98, 100], "21": [18.34, 100], "22": [15.64, 100], "23": [11.29, 100], "24": [9.63, 100], "25": [8.65, 100], "26": [8.97, 100], "27": [8.64, 100], "28": [10.11, 100], "29": [8.78, 100], "30": [17.38, 100], "31": [8.34, 100], "32": [13.33, 100], "33": [7.31, 100], "34": [13.55, 100], "35": [8.59, 100], "36": [9.46, 100], "37": [9.85, 100], "38": [10.65, 100], "39": [11.42, 100], "40": [11.07, 100], "41": [12.85, 100], "42": [12.8989898989899, 99], "43": [12.16161616161616, 99], "44": [11.333333333333334, 99], "45": [13.104166666666666, 96], "46": [14.913978494623656, 93], "47": [15.48235294117647, 85], "48": [13.253333333333334, 75], "49": [14.584615384615384, 65], "50": [13.294117647058824, 51], "51": [14.170731707317072, 41], "52": [12.678571428571429, 28], "53": [14.333333333333334, 21], "54": [14.88888888888889, 9], "55": [17.333333333333332, 3]}}