{"small-gauss-n72-tau-20": {"3": [19.41, 100], "6": [1.04, 100], "9": [20.0, 100], "12": [5.22, 100], "15": [20.0, 100], "18": [6.68, 100], "21": [20.0, 100], "24": [19.12, 100], "27": [17.64, 100], "30": [19.3, 100], "33": [7.27, 100], "36": [9.77, 100], "39": [11.11, 100], "42": [15.12, 100], "45": [15.061224489795919, 98], "48": [17.32967032967033, 91], "51": [17.02777777777778, 72], "54": [16.32608695652174, 46], "57": [16.047619047619047, 21], "60": [17.0, 7], "63": [14.5, 2], "66": [18.0, 1]}}