{"small-bg-n100-tau-15": {"3": [15.0, 97], "6": [1.0, 97], "9": [15.0, 97], "12": [11.443298969072165, 97], "15": [15.0, 97], "18": [13.206185567010309, 97], "21": [15.0, 97], "24": [15.0, 97], "27": [15.0, 97], "30": [15.0, 97], "33": [9.381443298969073, 97], "36": [11.072164948453608, 97], "39": [11.670103092783505, 97], "42": [14.762886597938145, 97], "45": [14.185567010309278, 97], "48": [14.96808510638298, 94], "51": [14.827586206896552, 87], "54": [14.807017543859649, 57], "57": [14.884615384615385, 26], "60": [14.727272727272727, 11], "63": [15.0, 1]}}