{"small-gauss-n72-tau-20": {"3": [19.41, 100], "5": [20.0, 100], "7": [20.0, 100], "9": [20.0, 100], "11": [20.0, 100], "13": [20.0, 100], "15": [20.0, 100], "17": [19.99, 100], "19": [19.63, 100], "21": [18.13, 100], "23": [13.3, 100], "25": [10.45, 100], "27": [10.54, 100], "29": [10.91, 100], "31": [10.85, 100], "33": [9.51, 100], "35": [12.09, 100], "37": [10.39, 100], "39": [11.98, 100], "41": [12.68, 100], "43": [13.377551020408163, 98], "45": [13.76595744680851, 94], "47": [16.978021978021978, 91], "49": [15.76, 75], "51": [15.773584905660377, 53], "53": [14.61111111111111, 36], "55": [16.291666666666668, 24], "57": [16.6, 10], "59": [16.0, 5], "61": [20.0, 1]}}