{"small-gauss-n72-tau-15": {"3": [14.99, 100], "4": [1.0, 100], "5": [15.0, 100], "6": [1.0, 100], "7": [15.0, 100], "8": [1.01, 100], "9": [15.0, 100], "10": [1.2, 100], "11": [15.0, 100], "12": [2.87, 100], "13": [15.0, 100], "14": [3.62, 100], "15": [15.0, 100], "16": [3.45, 100], "17": [15.0, 100], "18": [3.79, 100], "19": [15.0, 100], "20": [4.08, 100], "21": [14.86, 100], "22": [14.21, 100], "23": [11.95, 100], "24": [10.64, 100], "25": [8.74, 100], "26": [9.56, 100], "27": [9.44, 100], "28": [9.51, 100], "29": [9.05, 100], "30": [14.47, 100], "31": [7.9, 100], "32": [12.73, 100], "33": [6.91, 100], "34": [11.82, 100], "35": [8.555555555555555, 99], "36": [9.303030303030303, 99], "37": [9.080808080808081, 99], "38": [10.464646464646465, 99], "39": [10.636363636363637, 99], "40": [10.080808080808081, 99], "41": [11.808080808080808, 99], "42": [12.353535353535353, 99], "43": [11.185567010309278, 97], "44": [10.442105263157895, 95], "45": [12.23157894736842, 95], "46": [13.361702127659575, 94], "47": [13.348314606741573, 89], "48": [11.723684210526315, 76], "49": [12.363636363636363, 66], "50": [12.152542372881356, 59], "51": [12.622222222222222, 45], "52": [11.117647058823529, 34], "53": [11.958333333333334, 24], "54": [12.615384615384615, 13], "55": [14.0, 4]}}