{"small-bg-n93-tau-20": {"3": [19.92, 100], "4": [1.0, 100], "5": [20.0, 100], "6": [1.0, 100], "7": [20.0, 100], "8": [1.0, 100], "9": [20.0, 100], "10": [1.23, 100], "11": [20.0, 100], "12": [3.3, 100], "13": [20.0, 100], "14": [4.17, 100], "15": [20.0, 100], "16": [4.05, 100], "17": [20.0, 100], "18": [4.46, 100], "19": [20.0, 100], "20": [4.95, 100], "21": [20.0, 100], "22": [19.79, 100], "23": [16.71, 100], "24": [13.88, 100], "25": [10.03, 100], "26": [12.23, 100], "27": [10.16, 100], "28": [12.8, 100], "29": [8.88, 100], "30": [18.95, 100], "31": [8.36, 100], "32": [15.15, 100], "33": [6.75, 100], "34": [12.78, 100], "35": [7.81, 100], "36": [8.72, 100], "37": [9.26, 100], "38": [9.48, 100], "39": [11.54, 100], "40": [10.79, 100], "41": [14.44, 100], "42": [14.03, 100], "43": [12.48, 100], "44": [12.81, 100], "45": [15.13, 100], "46": [17.383838383838384, 99], "47": [17.9247311827957, 93], "48": [12.86046511627907, 86], "49": [16.775, 80], "50": [14.24, 75], "51": [15.580645161290322, 62], "52": [14.183673469387756, 49], "53": [16.0, 38], "54": [15.68, 25], "55": [14.333333333333334, 15], "56": [15.545454545454545, 11], "57": [16.666666666666668, 6], "58": [11.666666666666666, 3], "59": [17.0, 1]}}