{"small-gauss-n72-tau-1": {"3": [1.0, 100], "6": [1.0, 100], "9": [1.0, 100], "12": [1.0, 100], "15": [1.0, 100], "18": [1.0, 100], "21": [1.0, 100], "24": [1.0, 100], "27": [1.0, 100], "30": [1.0, 100], "33": [1.0, 100], "36": [1.0, 100], "39": [1.0, 100], "42": [1.0, 100], "45": [1.0, 100], "48": [1.0, 100], "51": [1.0, 100], "54": [1.0, 99], "57": [1.0, 98], "60": [1.0, 86], "63": [1.0, 73], "66": [1.0, 37], "69": [1.0, 16]}, "small-gauss-n72-tau-5": {"3": [5.0, 100], "6": [1.02, 100], "9": [5.0, 100], "12": [5.0, 100], "15": [5.0, 100], "18": [5.0, 100], "21": [5.0, 100], "24": [5.0, 100], "27": [5.0, 100], "30": [5.0, 100], "33": [5.0, 100], "36": [5.0, 100], "39": [5.0, 100], "42": [5.0, 100], "45": [5.0, 100], "48": [5.0, 100], "51": [5.0, 96], "54": [5.0, 84], "57": [5.0, 59], "60": [5.0, 30], "63": [5.0, 5]}, "small-gauss-n72-tau-10": {"3": [10.0, 100], "6": [1.04, 100], "9": [10.0, 100], "12": [8.56, 100], "15": [10.0, 100], "18": [9.07, 100], "21": [10.0, 100], "24": [10.0, 100], "27": [10.0, 100], "30": [10.0, 100], "33": [8.18, 100], "36": [9.04, 100], "39": [9.12, 100], "42": [9.808080808080808, 99], "45": [9.828282828282829, 99], "48": [10.0, 95], "51": [9.988505747126437, 87], "54": [9.964912280701755, 57], "57": [9.933333333333334, 30], "60": [10.0, 6]}, "small-gauss-n72-tau-15": {"3": [14.99, 100], "6": [1.05, 100], "9": [15.0, 100], "12": [7.12, 100], "15": [15.0, 100], "18": [8.0, 100], "21": [15.0, 100], "24": [14.96, 100], "27": [14.89, 100], "30": [14.84, 100], "33": [7.58, 100], "36": [9.31, 100], "39": [10.606060606060606, 99], "42": [13.363636363636363, 99], "45": [13.212121212121213, 99], "48": [14.6875, 96], "51": [14.121951219512194, 82], "54": [14.307692307692308, 52], "57": [14.041666666666666, 24], "60": [15.0, 2]}, "small-gauss-n72-tau-20": {"3": [19.76, 100], "6": [1.06, 100], "9": [20.0, 100], "12": [5.13, 100], "15": [20.0, 100], "18": [6.66, 100], "21": [20.0, 100], "24": [18.67, 100], "27": [17.47, 100], "30": [19.12, 100], "33": [7.68, 100], "36": [9.72, 100], "39": [11.05, 100], "42": [15.11, 100], "45": [14.54, 100], "48": [17.38, 100], "51": [16.468354430379748, 79], "54": [17.375, 48], "57": [17.533333333333335, 15], "60": [10.0, 1]}}