{"small-bg-n100-tau-15": {"3": [15.0, 97], "8": [1.0, 97], "13": [15.0, 97], "18": [15.0, 97], "23": [15.0, 97], "28": [15.0, 97], "33": [15.0, 97], "38": [14.690721649484535, 97], "43": [14.824742268041238, 97], "48": [15.0, 97], "53": [15.0, 94], "58": [14.957446808510639, 47], "60": [15.0, 3], "63": [15.0, 9]}}