{"small-gauss-n72-tau-5": {"3": [5.0, 100], "4": [1.0, 100], "5": [5.0, 100], "6": [1.0, 100], "7": [5.0, 100], "8": [1.03, 100], "9": [5.0, 100], "10": [1.77, 100], "11": [5.0, 100], "12": [4.74, 100], "13": [5.0, 100], "14": [4.96, 100], "15": [5.0, 100], "16": [4.99, 100], "17": [5.0, 100], "18": [4.86, 100], "19": [5.0, 100], "20": [4.75, 100], "21": [5.0, 100], "22": [5.0, 100], "23": [5.0, 100], "24": [5.0, 100], "25": [5.0, 100], "26": [5.0, 100], "27": [5.0, 100], "28": [4.99, 100], "29": [5.0, 100], "30": [5.0, 100], "31": [5.0, 100], "32": [5.0, 99], "33": [5.0, 99], "34": [5.0, 99], "35": [5.0, 99], "36": [5.0, 97], "37": [5.0, 97], "38": [5.0, 97], "39": [5.0, 97], "40": [5.0, 97], "41": [5.0, 97], "42": [5.0, 96], "43": [5.0, 95], "44": [5.0, 94], "45": [5.0, 93], "46": [5.0, 92], "47": [5.0, 89], "48": [5.0, 84], "49": [5.0, 77], "50": [5.0, 72], "51": [5.0, 59], "52": [5.0, 54], "53": [5.0, 42], "54": [5.0, 31], "55": [5.0, 27], "56": [5.0, 21], "57": [5.0, 16], "58": [5.0, 12], "59": [5.0, 5], "60": [5.0, 2]}, "small-gauss-n72-tau-10": {"3": [10.0, 100], "4": [1.0, 100], "5": [10.0, 100], "6": [1.0, 100], "7": [10.0, 100], "8": [1.03, 100], "9": [10.0, 100], "10": [1.34, 100], "11": [10.0, 100], "12": [3.51, 100], "13": [10.0, 100], "14": [4.86, 100], "15": [10.0, 100], "16": [5.13, 100], "17": [10.0, 100], "18": [4.68, 100], "19": [10.0, 100], "20": [5.13, 100], "21": [10.0, 100], "22": [9.96, 100], "23": [9.86, 100], "24": [9.12, 100], "25": [9.05, 100], "26": [8.33, 100], "27": [8.46, 100], "28": [8.313131313131313, 99], "29": [8.595959595959595, 99], "30": [9.98989898989899, 99], "31": [8.030303030303031, 99], "32": [9.393939393939394, 99], "33": [7.05050505050505, 99], "34": [9.13265306122449, 98], "35": [7.969387755102041, 98], "36": [8.46938775510204, 98], "37": [8.39795918367347, 98], "38": [8.510204081632653, 98], "39": [8.724489795918368, 98], "40": [9.010204081632653, 98], "41": [9.051546391752577, 97], "42": [9.23157894736842, 95], "43": [8.936170212765957, 94], "44": [8.817204301075268, 93], "45": [9.426966292134832, 89], "46": [9.845238095238095, 84], "47": [9.853658536585366, 82], "48": [9.355263157894736, 76], "49": [9.909090909090908, 66], "50": [9.482758620689655, 58], "51": [9.627450980392156, 51], "52": [9.31578947368421, 38], "53": [9.6875, 32], "54": [9.4, 25], "55": [9.75, 20], "56": [8.933333333333334, 15], "57": [10.0, 13], "58": [8.88888888888889, 9], "59": [9.666666666666666, 6], "60": [9.0, 4], "61": [10.0, 2]}, "small-gauss-n72-tau-15": {"3": [14.9, 100], "4": [1.0, 100], "5": [15.0, 100], "6": [1.0, 100], "7": [15.0, 100], "8": [1.0, 100], "9": [15.0, 100], "10": [1.18, 100], "11": [15.0, 100], "12": [2.64, 100], "13": [15.0, 100], "14": [3.75, 100], "15": [15.0, 100], "16": [3.46, 100], "17": [15.0, 100], "18": [3.76, 100], "19": [15.0, 100], "20": [4.19, 100], "21": [14.75, 100], "22": [13.787878787878787, 99], "23": [12.747474747474747, 99], "24": [10.171717171717171, 99], "25": [9.06060606060606, 99], "26": [9.535353535353535, 99], "27": [9.525252525252526, 99], "28": [9.818181818181818, 99], "29": [9.242424242424242, 99], "30": [14.346938775510203, 98], "31": [8.144329896907216, 97], "32": [12.34375, 96], "33": [7.063157894736842, 95], "34": [11.821052631578947, 95], "35": [8.8, 95], "36": [9.51086956521739, 92], "37": [9.130434782608695, 92], "38": [10.0, 91], "39": [10.626373626373626, 91], "40": [11.021978021978022, 91], "41": [11.758241758241759, 91], "42": [11.55056179775281, 89], "43": [11.261363636363637, 88], "44": [11.162790697674419, 86], "45": [12.037037037037036, 81], "46": [13.5125, 80], "47": [13.91891891891892, 74], "48": [11.863636363636363, 66], "49": [12.61111111111111, 54], "50": [11.577777777777778, 45], "51": [12.91891891891892, 37], "52": [11.033333333333333, 30], "53": [11.272727272727273, 22], "54": [13.222222222222221, 18], "55": [12.615384615384615, 13], "56": [12.4, 10], "57": [13.142857142857142, 7], "58": [12.6, 5], "59": [14.0, 3]}, "small-gauss-n72-tau-20": {"3": [19.41, 100], "4": [1.0, 100], "5": [20.0, 100], "6": [1.0, 100], "7": [20.0, 100], "8": [1.0, 100], "9": [20.0, 100], "10": [1.05, 100], "11": [20.0, 100], "12": [2.34, 100], "13": [20.0, 100], "14": [2.94, 100], "15": [20.0, 100], "16": [2.88, 100], "17": [19.95, 100], "18": [3.28, 100], "19": [19.7, 100], "20": [3.96, 100], "21": [17.87, 100], "22": [15.89, 100], "23": [12.75, 100], "24": [9.62, 100], "25": [9.51, 100], "26": [8.84, 100], "27": [9.94, 100], "28": [10.23, 100], "29": [8.74, 100], "30": [16.86, 100], "31": [7.828282828282828, 99], "32": [13.16161616161616, 99], "33": [6.91919191919192, 99], "34": [12.818181818181818, 99], "35": [9.02020202020202, 99], "36": [10.030927835051546, 97], "37": [8.70103092783505, 97], "38": [10.515463917525773, 97], "39": [10.835051546391753, 97], "40": [11.114583333333334, 96], "41": [12.838709677419354, 93], "42": [12.703296703296703, 91], "43": [11.382022471910112, 89], "44": [11.827586206896552, 87], "45": [12.142857142857142, 84], "46": [15.170731707317072, 82], "47": [15.41025641025641, 78], "48": [13.823529411764707, 68], "49": [14.8, 55], "50": [11.7, 40], "51": [14.194444444444445, 36], "52": [14.518518518518519, 27], "53": [16.529411764705884, 17], "54": [13.785714285714286, 14], "55": [13.454545454545455, 11], "56": [15.375, 8], "57": [17.5, 4], "58": [10.0, 3], "59": [16.0, 2]}}