{"small-gauss-n72-tau-5": {"3": [5.0, 100], "5": [5.0, 100], "7": [5.0, 100], "9": [5.0, 100], "11": [5.0, 100], "13": [5.0, 100], "15": [5.0, 100], "17": [5.0, 100], "19": [5.0, 100], "21": [5.0, 100], "23": [5.0, 100], "25": [5.0, 100], "27": [5.0, 100], "29": [5.0, 100], "31": [5.0, 100], "33": [5.0, 100], "35": [5.0, 100], "37": [5.0, 98], "39": [5.0, 97], "41": [5.0, 97], "43": [5.0, 97], "45": [5.0, 96], "47": [5.0, 96], "49": [5.0, 92], "51": [5.0, 86], "53": [5.0, 75], "55": [5.0, 54], "57": [5.0, 38], "59": [5.0, 19], "61": [5.0, 10], "63": [5.0, 4]}, "small-gauss-n72-tau-10": {"3": [10.0, 100], "5": [10.0, 100], "7": [10.0, 100], "9": [10.0, 100], "11": [10.0, 100], "13": [10.0, 100], "15": [10.0, 100], "17": [10.0, 100], "19": [10.0, 100], "21": [10.0, 100], "23": [9.96, 100], "25": [9.8, 100], "27": [9.46, 100], "29": [9.37, 100], "31": [8.85, 100], "33": [8.2, 100], "35": [8.91, 100], "37": [8.26, 100], "39": [9.173469387755102, 98], "41": [9.329896907216495, 97], "43": [9.739583333333334, 96], "45": [9.591397849462366, 93], "47": [10.0, 88], "49": [9.881578947368421, 76], "51": [9.909090909090908, 66], "53": [9.772727272727273, 44], "55": [9.964285714285714, 28], "57": [10.0, 17], "59": [9.777777777777779, 9], "61": [10.0, 1], "63": [10.0, 1]}, "small-gauss-n72-tau-15": {"3": [14.9, 100], "5": [15.0, 100], "7": [15.0, 100], "9": [15.0, 100], "11": [15.0, 100], "13": [15.0, 100], "15": [15.0, 100], "17": [15.0, 100], "19": [14.99, 100], "21": [14.86, 100], "23": [13.64, 100], "25": [11.46, 100], "27": [11.7, 100], "29": [11.09, 100], "31": [10.55, 100], "33": [9.14, 100], "35": [10.47, 100], "37": [10.04, 100], "39": [10.92, 100], "41": [12.151515151515152, 99], "43": [12.24742268041237, 97], "45": [12.53763440860215, 93], "47": [14.2, 90], "49": [13.58108108108108, 74], "51": [13.654545454545454, 55], "53": [13.5, 38], "55": [13.80952380952381, 21], "57": [14.416666666666666, 12], "59": [11.666666666666666, 3], "61": [13.0, 2], "63": [14.0, 1], "65": [10.0, 1]}, "small-gauss-n72-tau-20": {"3": [19.41, 100], "5": [20.0, 100], "7": [20.0, 100], "9": [20.0, 100], "11": [20.0, 100], "13": [20.0, 100], "15": [20.0, 100], "17": [19.99, 100], "19": [19.63, 100], "21": [18.13, 100], "23": [13.3, 100], "25": [10.45, 100], "27": [10.54, 100], "29": [10.91, 100], "31": [10.85, 100], "33": [9.51, 100], "35": [12.09, 100], "37": [10.39, 100], "39": [11.98, 100], "41": [12.68, 100], "43": [13.377551020408163, 98], "45": [13.76595744680851, 94], "47": [16.978021978021978, 91], "49": [15.76, 75], "51": [15.773584905660377, 53], "53": [14.61111111111111, 36], "55": [16.291666666666668, 24], "57": [16.6, 10], "59": [16.0, 5], "61": [20.0, 1]}}