{"small-bg-n72-tau-15": {"3": [14.99, 100], "8": [1.12, 100], "13": [15.0, 100], "18": [13.81, 100], "23": [15.0, 100], "28": [14.88, 100], "33": [14.65, 100], "38": [12.83838383838384, 99], "43": [14.05050505050505, 99], "48": [14.77319587628866, 97], "53": [14.5625, 80], "58": [14.395348837209303, 43], "63": [15.0, 5]}}