{"small-bg-n72-tau-1": {"3": [1.0, 100], "8": [1.0, 100], "13": [1.0, 100], "18": [1.0, 100], "23": [1.0, 100], "28": [1.0, 100], "33": [1.0, 100], "38": [1.0, 100], "43": [1.0, 100], "48": [1.0, 100], "53": [1.0, 100], "58": [1.0, 99], "63": [1.0, 93], "68": [1.0, 53]}, "small-bg-n72-tau-5": {"3": [5.0, 100], "8": [1.05, 100], "13": [5.0, 100], "18": [5.0, 100], "23": [5.0, 100], "28": [5.0, 100], "33": [5.0, 100], "38": [5.0, 100], "43": [5.0, 100], "48": [5.0, 100], "53": [5.0, 96], "58": [5.0, 69], "63": [5.0, 28], "68": [5.0, 2]}, "small-bg-n72-tau-10": {"3": [10.0, 100], "8": [1.07, 100], "13": [10.0, 100], "18": [9.97, 100], "23": [10.0, 100], "28": [10.0, 100], "33": [10.0, 100], "38": [9.89, 100], "43": [9.96, 100], "48": [10.0, 97], "53": [10.0, 89], "58": [9.981818181818182, 55], "63": [10.0, 8], "68": [10.0, 1]}, "small-bg-n72-tau-15": {"3": [14.99, 100], "8": [1.12, 100], "13": [15.0, 100], "18": [13.81, 100], "23": [15.0, 100], "28": [14.88, 100], "33": [14.65, 100], "38": [12.83838383838384, 99], "43": [14.05050505050505, 99], "48": [14.77319587628866, 97], "53": [14.5625, 80], "58": [14.395348837209303, 43], "63": [15.0, 5]}, "small-bg-n72-tau-20": {"3": [19.8, 100], "8": [1.15, 100], "13": [20.0, 100], "18": [12.36, 100], "23": [20.0, 100], "28": [18.05, 100], "33": [17.06, 100], "38": [13.82, 100], "43": [16.571428571428573, 98], "48": [17.770833333333332, 96], "53": [17.45945945945946, 74], "58": [17.366666666666667, 30], "63": [19.4, 5]}}