{"small-gauss-n72-tau-10": {"3": [10.0, 100], "6": [1.0, 100], "9": [10.0, 100], "12": [8.96, 100], "15": [10.0, 100], "18": [9.03, 100], "21": [10.0, 100], "24": [10.0, 100], "27": [10.0, 100], "30": [10.0, 100], "33": [8.37, 100], "36": [9.36, 100], "39": [9.193877551020408, 98], "42": [9.896907216494846, 97], "45": [9.885416666666666, 96], "48": [10.0, 93], "51": [10.0, 76], "54": [9.98076923076923, 52], "57": [10.0, 22], "60": [10.0, 9], "63": [9.666666666666666, 3], "66": [10.0, 2]}}