{"small-bg-n93-tau-5": {"3": [5.0, 100], "4": [1.0, 100], "5": [5.0, 100], "6": [1.0, 100], "7": [5.0, 100], "8": [1.0, 100], "9": [5.0, 100], "10": [2.41, 100], "11": [5.0, 100], "12": [4.97, 100], "13": [5.0, 100], "14": [5.0, 100], "15": [5.0, 100], "16": [5.0, 100], "17": [5.0, 100], "18": [4.99, 100], "19": [5.0, 100], "20": [4.99, 100], "21": [5.0, 100], "22": [5.0, 100], "23": [5.0, 100], "24": [5.0, 100], "25": [5.0, 100], "26": [5.0, 100], "27": [5.0, 100], "28": [5.0, 100], "29": [5.0, 100], "30": [5.0, 100], "31": [5.0, 100], "32": [5.0, 100], "33": [5.0, 100], "34": [5.0, 100], "35": [5.0, 100], "36": [5.0, 100], "37": [5.0, 100], "38": [5.0, 100], "39": [5.0, 100], "40": [5.0, 100], "41": [5.0, 100], "42": [5.0, 100], "43": [5.0, 100], "44": [5.0, 100], "45": [5.0, 99], "46": [5.0, 99], "47": [5.0, 98], "48": [5.0, 98], "49": [5.0, 96], "50": [5.0, 90], "51": [5.0, 84], "52": [5.0, 77], "53": [5.0, 68], "54": [5.0, 57], "55": [5.0, 44], "56": [5.0, 35], "57": [5.0, 22], "58": [5.0, 14], "59": [5.0, 11], "60": [5.0, 9], "61": [5.0, 2], "62": [5.0, 2], "63": [5.0, 2], "64": [5.0, 2]}, "small-bg-n93-tau-10": {"3": [10.0, 99], "4": [1.0, 99], "5": [10.0, 99], "6": [1.0, 99], "7": [10.0, 99], "8": [1.0101010101010102, 99], "9": [10.0, 99], "10": [1.6161616161616161, 99], "11": [10.0, 99], "12": [5.454545454545454, 99], "13": [10.0, 99], "14": [7.767676767676767, 99], "15": [10.0, 99], "16": [7.393939393939394, 99], "17": [10.0, 99], "18": [6.363636363636363, 99], "19": [10.0, 99], "20": [7.151515151515151, 99], "21": [10.0, 99], "22": [10.0, 99], "23": [10.0, 99], "24": [9.95959595959596, 99], "25": [9.93939393939394, 99], "26": [9.909090909090908, 99], "27": [9.808080808080808, 99], "28": [9.202020202020202, 99], "29": [9.212121212121213, 99], "30": [10.0, 99], "31": [8.292929292929292, 99], "32": [9.686868686868687, 99], "33": [7.191919191919192, 99], "34": [9.171717171717171, 99], "35": [7.858585858585859, 99], "36": [7.959595959595959, 99], "37": [8.212121212121213, 99], "38": [8.545454545454545, 99], "39": [8.868686868686869, 99], "40": [9.080808080808081, 99], "41": [9.666666666666666, 99], "42": [9.585858585858587, 99], "43": [9.53061224489796, 98], "44": [8.704081632653061, 98], "45": [9.795918367346939, 98], "46": [10.0, 98], "47": [10.0, 97], "48": [9.659574468085106, 94], "49": [9.929411764705883, 85], "50": [9.855263157894736, 76], "51": [9.944444444444445, 72], "52": [9.783333333333333, 60], "53": [9.925925925925926, 54], "54": [9.902439024390244, 41], "55": [9.911764705882353, 34], "56": [9.76, 25], "57": [10.0, 17], "58": [9.909090909090908, 11], "59": [9.88888888888889, 9], "60": [10.0, 6], "61": [10.0, 1]}, "small-bg-n93-tau-15": {"3": [15.0, 99], "4": [1.0, 99], "5": [15.0, 99], "6": [1.0, 99], "7": [15.0, 99], "8": [1.0, 99], "9": [15.0, 99], "10": [1.4848484848484849, 99], "11": [15.0, 99], "12": [3.7373737373737375, 99], "13": [15.0, 99], "14": [5.151515151515151, 99], "15": [15.0, 99], "16": [5.2727272727272725, 99], "17": [15.0, 99], "18": [5.242424242424242, 99], "19": [15.0, 99], "20": [5.91919191919192, 99], "21": [15.0, 99], "22": [14.929292929292929, 99], "23": [14.636363636363637, 99], "24": [14.11111111111111, 99], "25": [11.696969696969697, 99], "26": [12.232323232323232, 99], "27": [10.757575757575758, 99], "28": [11.444444444444445, 99], "29": [10.121212121212121, 99], "30": [14.616161616161616, 99], "31": [9.121212121212121, 99], "32": [12.83838383838384, 99], "33": [7.0606060606060606, 99], "34": [11.777777777777779, 99], "35": [8.16326530612245, 98], "36": [8.561224489795919, 98], "37": [9.1340206185567, 97], "38": [9.670103092783505, 97], "39": [10.65979381443299, 97], "40": [10.061855670103093, 97], "41": [12.793814432989691, 97], "42": [13.206185567010309, 97], "43": [11.907216494845361, 97], "44": [10.927835051546392, 97], "45": [13.447916666666666, 96], "46": [14.368421052631579, 95], "47": [14.456521739130435, 92], "48": [12.215909090909092, 88], "49": [13.87012987012987, 77], "50": [13.073529411764707, 68], "51": [12.95, 60], "52": [12.925925925925926, 54], "53": [14.097560975609756, 41], "54": [13.222222222222221, 27], "55": [12.421052631578947, 19], "56": [13.0625, 16], "57": [14.2, 10], "60": [14.666666666666666, 3], "58": [10.0, 4], "59": [12.0, 2], "61": [13.0, 1]}, "small-bg-n93-tau-20": {"3": [20.0, 100], "4": [1.0, 100], "5": [20.0, 100], "6": [1.0, 100], "7": [20.0, 100], "8": [1.0, 100], "9": [20.0, 100], "10": [1.29, 100], "11": [20.0, 100], "12": [3.34, 100], "13": [20.0, 100], "14": [3.97, 100], "15": [20.0, 100], "16": [4.38, 100], "17": [20.0, 100], "18": [4.37, 100], "19": [20.0, 100], "20": [4.95, 100], "21": [19.83, 100], "22": [19.37, 100], "23": [16.79, 100], "24": [14.19, 100], "25": [10.43, 100], "26": [11.77, 100], "27": [9.59, 100], "28": [12.12, 100], "29": [8.4, 100], "30": [18.78, 100], "31": [8.1, 100], "32": [15.27, 100], "33": [6.82, 100], "34": [13.18, 100], "35": [8.1, 100], "36": [8.37, 100], "37": [9.7, 100], "38": [10.0, 100], "39": [12.64, 100], "40": [11.71, 100], "41": [13.666666666666666, 99], "42": [13.484848484848484, 99], "43": [12.8989898989899, 99], "44": [10.816326530612244, 98], "45": [14.76530612244898, 98], "46": [17.166666666666668, 96], "47": [17.166666666666668, 90], "48": [14.08235294117647, 85], "49": [16.846153846153847, 78], "50": [13.169014084507042, 71], "51": [15.245901639344263, 61], "52": [14.75, 48], "53": [16.555555555555557, 36], "54": [13.25, 24], "55": [15.590909090909092, 22], "56": [14.5625, 16], "57": [18.76923076923077, 13], "58": [13.2, 5], "59": [20.0, 2]}}