{"small-bg-n93-tau-20": {"3": [19.91919191919192, 99], "5": [20.0, 99], "7": [20.0, 99], "9": [20.0, 99], "11": [20.0, 99], "13": [20.0, 99], "15": [20.0, 99], "17": [20.0, 99], "19": [20.0, 99], "21": [20.0, 99], "23": [18.171717171717173, 99], "25": [13.434343434343434, 99], "27": [13.787878787878787, 99], "29": [13.11111111111111, 99], "31": [11.363636363636363, 99], "33": [9.01010101010101, 99], "35": [10.303030303030303, 99], "37": [10.565656565656566, 99], "39": [12.95959595959596, 99], "41": [15.222222222222221, 99], "43": [15.747474747474747, 99], "45": [15.969696969696969, 99], "47": [19.19191919191919, 99], "49": [17.606382978723403, 94], "51": [17.530864197530864, 81], "53": [17.672131147540984, 61], "55": [17.625, 40], "57": [16.833333333333332, 12], "59": [14.5, 4], "60": [20.0, 1], "61": [16.0, 2]}}