{"small-bg-n93-tau-20": {"3": [20.0, 100], "4": [1.0, 100], "5": [20.0, 100], "6": [1.0, 100], "7": [20.0, 100], "8": [1.0, 100], "9": [20.0, 100], "10": [1.29, 100], "11": [20.0, 100], "12": [3.34, 100], "13": [20.0, 100], "14": [3.97, 100], "15": [20.0, 100], "16": [4.38, 100], "17": [20.0, 100], "18": [4.37, 100], "19": [20.0, 100], "20": [4.95, 100], "21": [19.83, 100], "22": [19.37, 100], "23": [16.79, 100], "24": [14.19, 100], "25": [10.43, 100], "26": [11.77, 100], "27": [9.59, 100], "28": [12.12, 100], "29": [8.4, 100], "30": [18.78, 100], "31": [8.1, 100], "32": [15.27, 100], "33": [6.82, 100], "34": [13.18, 100], "35": [8.1, 100], "36": [8.37, 100], "37": [9.7, 100], "38": [10.0, 100], "39": [12.64, 100], "40": [11.71, 100], "41": [13.666666666666666, 99], "42": [13.484848484848484, 99], "43": [12.8989898989899, 99], "44": [10.816326530612244, 98], "45": [14.76530612244898, 98], "46": [17.166666666666668, 96], "47": [17.166666666666668, 90], "48": [14.08235294117647, 85], "49": [16.846153846153847, 78], "50": [13.169014084507042, 71], "51": [15.245901639344263, 61], "52": [14.75, 48], "53": [16.555555555555557, 36], "54": [13.25, 24], "55": [15.590909090909092, 22], "56": [14.5625, 16], "57": [18.76923076923077, 13], "58": [13.2, 5], "59": [20.0, 2]}}