{"small-gauss-n100-tau-1": {"3": [1.0, 100], "6": [1.0, 100], "9": [1.0, 100], "12": [1.0, 100], "15": [1.0, 100], "18": [1.0, 100], "21": [1.0, 100], "24": [1.0, 100], "27": [1.0, 100], "30": [1.0, 100], "33": [1.0, 100], "36": [1.0, 100], "39": [1.0, 100], "42": [1.0, 100], "45": [1.0, 100], "48": [1.0, 100], "51": [1.0, 100], "54": [1.0, 100], "57": [1.0, 100], "60": [1.0, 98], "63": [1.0, 89], "66": [1.0, 64], "69": [1.0, 25]}, "small-gauss-n100-tau-5": {"3": [5.0, 99], "6": [1.0, 99], "9": [5.0, 99], "12": [5.0, 99], "15": [5.0, 99], "18": [5.0, 99], "21": [5.0, 99], "24": [5.0, 99], "27": [5.0, 99], "30": [5.0, 99], "33": [5.0, 99], "36": [5.0, 99], "39": [5.0, 99], "42": [5.0, 99], "45": [5.0, 99], "48": [5.0, 99], "51": [5.0, 98], "54": [5.0, 94], "57": [5.0, 80], "60": [5.0, 38], "63": [5.0, 8], "66": [5.0, 1]}, "small-gauss-n100-tau-10": {"3": [10.0, 96], "6": [1.0, 96], "9": [10.0, 96], "12": [9.96875, 96], "15": [10.0, 96], "18": [9.989583333333334, 96], "21": [10.0, 96], "24": [10.0, 96], "27": [10.0, 96], "30": [10.0, 96], "33": [9.541666666666666, 96], "36": [9.541666666666666, 96], "39": [9.708333333333334, 96], "42": [10.0, 96], "45": [9.989583333333334, 96], "48": [10.0, 96], "51": [10.0, 92], "54": [10.0, 78], "57": [10.0, 49], "60": [10.0, 14]}, "small-gauss-n100-tau-15": {"3": [15.0, 99], "6": [1.0, 99], "9": [15.0, 99], "12": [11.565656565656566, 99], "15": [15.0, 99], "18": [12.929292929292929, 99], "21": [15.0, 99], "24": [15.0, 99], "27": [15.0, 99], "30": [15.0, 99], "33": [10.04040404040404, 99], "36": [10.797979797979798, 99], "39": [12.202020202020202, 99], "42": [14.585858585858587, 99], "45": [14.282828282828282, 99], "48": [14.938775510204081, 98], "51": [14.829787234042554, 94], "54": [14.902777777777779, 72], "57": [14.931034482758621, 29], "60": [15.0, 2]}, "small-gauss-n100-tau-20": {"3": [20.0, 97], "6": [1.0, 97], "9": [20.0, 97], "12": [8.216494845360824, 97], "15": [20.0, 97], "18": [10.577319587628866, 97], "21": [20.0, 97], "24": [20.0, 97], "27": [20.0, 97], "30": [19.938144329896907, 97], "33": [7.072164948453608, 97], "36": [9.742268041237113, 97], "39": [11.845360824742269, 97], "42": [17.79381443298969, 97], "45": [16.875, 96], "48": [19.166666666666668, 96], "51": [19.079545454545453, 88], "54": [18.228070175438596, 57], "57": [18.74074074074074, 27], "60": [19.5, 4]}}