{"small-bg-n93-tau-15": {"3": [14.989795918367347, 98], "5": [15.0, 98], "7": [15.0, 98], "9": [15.0, 98], "11": [15.0, 98], "13": [15.0, 98], "15": [15.0, 98], "17": [15.0, 98], "19": [15.0, 98], "21": [15.0, 98], "23": [14.989795918367347, 98], "25": [14.16326530612245, 98], "27": [13.244897959183673, 98], "29": [12.806122448979592, 98], "31": [10.96938775510204, 98], "33": [9.040816326530612, 98], "35": [10.653061224489797, 98], "37": [9.66326530612245, 98], "39": [11.581632653061224, 98], "41": [13.13265306122449, 98], "43": [13.857142857142858, 98], "45": [13.826530612244898, 98], "47": [14.918367346938776, 98], "49": [14.576086956521738, 92], "51": [14.176470588235293, 85], "53": [14.530303030303031, 66], "55": [14.179487179487179, 39], "57": [14.285714285714286, 21], "60": [15.0, 2], "59": [15.0, 9], "61": [15.0, 2]}}