{"small-bg-n72-tau-10": {"3": [10.0, 100], "5": [10.0, 100], "7": [10.0, 100], "9": [10.0, 100], "11": [10.0, 100], "13": [10.0, 100], "15": [10.0, 100], "17": [10.0, 100], "19": [10.0, 100], "21": [10.0, 100], "23": [10.0, 100], "25": [9.72, 100], "27": [9.65, 100], "29": [9.32, 100], "31": [8.85, 100], "33": [8.1, 100], "35": [9.151515151515152, 99], "37": [8.767676767676768, 99], "39": [8.787878787878787, 99], "41": [9.434343434343434, 99], "43": [9.479591836734693, 98], "45": [9.484536082474227, 97], "47": [10.0, 94], "49": [9.887640449438202, 89], "51": [9.86111111111111, 72], "53": [9.963636363636363, 55], "55": [9.852941176470589, 34], "57": [10.0, 19], "59": [9.75, 4], "61": [10.0, 1]}}