{"small-bg-n100-tau-10": {"3": [10.0, 95], "5": [10.0, 95], "7": [10.0, 95], "9": [10.0, 95], "11": [10.0, 95], "13": [10.0, 95], "15": [10.0, 95], "17": [10.0, 95], "19": [10.0, 95], "21": [10.0, 95], "23": [10.0, 95], "25": [10.0, 95], "27": [10.0, 95], "29": [9.989473684210527, 95], "31": [9.221052631578948, 95], "33": [8.294736842105262, 95], "35": [9.052631578947368, 95], "37": [8.715789473684211, 95], "39": [9.105263157894736, 95], "41": [9.873684210526315, 95], "43": [9.905263157894737, 95], "45": [9.978947368421053, 95], "47": [10.0, 94], "49": [10.0, 89], "51": [9.974358974358974, 78], "53": [10.0, 61], "55": [9.979166666666666, 48], "60": [10.0, 5], "57": [10.0, 26], "59": [10.0, 10], "61": [10.0, 5]}}