{"small-gauss-n100-tau-5": {"3": [5.0, 99], "4": [1.0, 99], "5": [5.0, 99], "6": [1.0, 99], "7": [5.0, 99], "8": [1.0, 99], "9": [5.0, 99], "10": [2.3636363636363638, 99], "11": [5.0, 99], "12": [4.959595959595959, 99], "13": [5.0, 99], "14": [4.98989898989899, 99], "15": [5.0, 99], "16": [5.0, 99], "17": [5.0, 99], "18": [4.959595959595959, 99], "19": [5.0, 99], "20": [5.0, 99], "21": [5.0, 99], "22": [5.0, 99], "23": [5.0, 99], "24": [5.0, 99], "25": [5.0, 99], "26": [5.0, 99], "27": [5.0, 99], "28": [5.0, 99], "29": [5.0, 99], "30": [5.0, 99], "31": [5.0, 99], "32": [5.0, 99], "33": [5.0, 99], "34": [5.0, 99], "35": [5.0, 99], "36": [5.0, 99], "37": [5.0, 99], "38": [5.0, 99], "39": [5.0, 99], "40": [5.0, 99], "41": [5.0, 99], "42": [5.0, 99], "43": [5.0, 98], "44": [5.0, 98], "45": [5.0, 98], "46": [5.0, 98], "47": [5.0, 97], "48": [5.0, 95], "49": [5.0, 93], "50": [5.0, 91], "51": [5.0, 87], "52": [5.0, 82], "53": [5.0, 73], "54": [5.0, 62], "60": [5.0, 3], "55": [5.0, 48], "56": [5.0, 37], "57": [5.0, 21], "58": [5.0, 12], "59": [5.0, 7]}}