{"small-gauss-n100-tau-20": {"3": [20.0, 97], "6": [1.0, 97], "9": [20.0, 97], "12": [8.216494845360824, 97], "15": [20.0, 97], "18": [10.577319587628866, 97], "21": [20.0, 97], "24": [20.0, 97], "27": [20.0, 97], "30": [19.938144329896907, 97], "33": [7.072164948453608, 97], "36": [9.742268041237113, 97], "39": [11.845360824742269, 97], "42": [17.79381443298969, 97], "45": [16.875, 96], "48": [19.166666666666668, 96], "51": [19.079545454545453, 88], "54": [18.228070175438596, 57], "57": [18.74074074074074, 27], "60": [19.5, 4]}}