{"small-gauss-n100-tau-10": {"3": [10.0, 96], "4": [1.0, 96], "5": [10.0, 96], "6": [1.0, 96], "7": [10.0, 96], "8": [1.0, 96], "9": [10.0, 96], "10": [1.6979166666666667, 96], "11": [10.0, 96], "12": [5.1875, 96], "13": [10.0, 96], "14": [7.59375, 96], "15": [10.0, 96], "16": [7.8125, 96], "17": [10.0, 96], "18": [6.427083333333333, 96], "19": [10.0, 96], "20": [6.604166666666667, 96], "21": [10.0, 96], "22": [10.0, 96], "23": [10.0, 96], "24": [9.989583333333334, 96], "25": [9.927083333333334, 96], "26": [9.875, 96], "27": [9.739583333333334, 96], "28": [9.447916666666666, 96], "29": [9.53125, 96], "30": [9.979166666666666, 96], "31": [8.375, 96], "32": [9.677083333333334, 96], "33": [7.166666666666667, 96], "34": [9.395833333333334, 96], "35": [7.8125, 96], "36": [8.0, 96], "37": [8.395833333333334, 96], "38": [8.458333333333334, 96], "39": [8.947916666666666, 96], "40": [8.875, 96], "41": [9.604166666666666, 96], "42": [9.65625, 96], "43": [9.416666666666666, 96], "44": [8.905263157894737, 95], "45": [9.821052631578947, 95], "46": [9.989473684210527, 95], "47": [10.0, 95], "48": [9.8, 95], "49": [9.977777777777778, 90], "50": [9.776470588235295, 85], "51": [9.8, 70], "52": [9.87719298245614, 57], "53": [9.928571428571429, 42], "54": [10.0, 25], "60": [10.0, 4], "55": [10.0, 16], "56": [10.0, 7], "57": [10.0, 2]}}