{"small-gauss-n72-tau-20": {"3": [19.41, 100], "4": [1.0, 100], "5": [20.0, 100], "6": [1.0, 100], "7": [20.0, 100], "8": [1.0, 100], "9": [20.0, 100], "10": [1.05, 100], "11": [20.0, 100], "12": [2.34, 100], "13": [20.0, 100], "14": [2.94, 100], "15": [20.0, 100], "16": [2.88, 100], "17": [19.95, 100], "18": [3.28, 100], "19": [19.7, 100], "20": [3.96, 100], "21": [17.87, 100], "22": [15.89, 100], "23": [12.75, 100], "24": [9.62, 100], "25": [9.51, 100], "26": [8.84, 100], "27": [9.94, 100], "28": [10.23, 100], "29": [8.74, 100], "30": [16.86, 100], "31": [7.828282828282828, 99], "32": [13.16161616161616, 99], "33": [6.91919191919192, 99], "34": [12.818181818181818, 99], "35": [9.02020202020202, 99], "36": [10.030927835051546, 97], "37": [8.70103092783505, 97], "38": [10.515463917525773, 97], "39": [10.835051546391753, 97], "40": [11.114583333333334, 96], "41": [12.838709677419354, 93], "42": [12.703296703296703, 91], "43": [11.382022471910112, 89], "44": [11.827586206896552, 87], "45": [12.142857142857142, 84], "46": [15.170731707317072, 82], "47": [15.41025641025641, 78], "48": [13.823529411764707, 68], "49": [14.8, 55], "50": [11.7, 40], "51": [14.194444444444445, 36], "52": [14.518518518518519, 27], "53": [16.529411764705884, 17], "54": [13.785714285714286, 14], "55": [13.454545454545455, 11], "56": [15.375, 8], "57": [17.5, 4], "58": [10.0, 3], "59": [16.0, 2]}}