{"small-bg-n93-tau-15": {"3": [15.0, 99], "4": [1.0, 99], "5": [15.0, 99], "6": [1.0, 99], "7": [15.0, 99], "8": [1.0, 99], "9": [15.0, 99], "10": [1.4848484848484849, 99], "11": [15.0, 99], "12": [3.7373737373737375, 99], "13": [15.0, 99], "14": [5.151515151515151, 99], "15": [15.0, 99], "16": [5.2727272727272725, 99], "17": [15.0, 99], "18": [5.242424242424242, 99], "19": [15.0, 99], "20": [5.91919191919192, 99], "21": [15.0, 99], "22": [14.929292929292929, 99], "23": [14.636363636363637, 99], "24": [14.11111111111111, 99], "25": [11.696969696969697, 99], "26": [12.232323232323232, 99], "27": [10.757575757575758, 99], "28": [11.444444444444445, 99], "29": [10.121212121212121, 99], "30": [14.616161616161616, 99], "31": [9.121212121212121, 99], "32": [12.83838383838384, 99], "33": [7.0606060606060606, 99], "34": [11.777777777777779, 99], "35": [8.16326530612245, 98], "36": [8.561224489795919, 98], "37": [9.1340206185567, 97], "38": [9.670103092783505, 97], "39": [10.65979381443299, 97], "40": [10.061855670103093, 97], "41": [12.793814432989691, 97], "42": [13.206185567010309, 97], "43": [11.907216494845361, 97], "44": [10.927835051546392, 97], "45": [13.447916666666666, 96], "46": [14.368421052631579, 95], "47": [14.456521739130435, 92], "48": [12.215909090909092, 88], "49": [13.87012987012987, 77], "50": [13.073529411764707, 68], "51": [12.95, 60], "52": [12.925925925925926, 54], "53": [14.097560975609756, 41], "54": [13.222222222222221, 27], "55": [12.421052631578947, 19], "56": [13.0625, 16], "57": [14.2, 10], "60": [14.666666666666666, 3], "58": [10.0, 4], "59": [12.0, 2], "61": [13.0, 1]}}