{"small-bg-n100-tau-10": {"3": [10.0, 95], "4": [1.0, 95], "5": [10.0, 95], "6": [1.0, 95], "7": [10.0, 95], "8": [1.0105263157894737, 95], "9": [10.0, 95], "10": [1.8105263157894738, 95], "11": [10.0, 95], "12": [5.4526315789473685, 95], "13": [10.0, 95], "14": [7.578947368421052, 95], "15": [10.0, 95], "16": [7.8, 95], "17": [10.0, 95], "18": [6.589473684210526, 95], "19": [10.0, 95], "20": [6.684210526315789, 95], "21": [10.0, 95], "22": [10.0, 95], "23": [10.0, 95], "24": [10.0, 95], "25": [9.926315789473684, 95], "26": [9.852631578947369, 95], "27": [9.778947368421052, 95], "28": [9.189473684210526, 95], "29": [9.442105263157895, 95], "30": [9.978947368421053, 95], "31": [8.08421052631579, 95], "32": [9.526315789473685, 95], "33": [7.0, 95], "34": [9.421052631578947, 95], "35": [7.589473684210526, 95], "36": [8.094736842105263, 95], "37": [8.147368421052631, 95], "38": [8.705263157894738, 95], "39": [8.91578947368421, 95], "40": [8.631578947368421, 95], "41": [9.715789473684211, 95], "42": [9.627659574468085, 94], "43": [9.414893617021276, 94], "44": [8.893617021276595, 94], "45": [9.827956989247312, 93], "46": [10.0, 91], "47": [10.0, 89], "48": [9.69767441860465, 86], "49": [9.975903614457831, 83], "50": [9.802631578947368, 76], "51": [9.727272727272727, 66], "52": [9.68421052631579, 57], "53": [9.936170212765957, 47], "54": [9.647058823529411, 34], "60": [10.0, 5], "55": [10.0, 22], "56": [9.857142857142858, 14], "57": [10.0, 7], "58": [7.0, 1], "59": [10.0, 1]}}