{"small-bg-n100-tau-20": {"3": [20.0, 50], "8": [1.0, 50], "13": [20.0, 50], "18": [19.48, 50], "23": [20.0, 50], "28": [19.94, 50], "33": [20.0, 50], "38": [16.22, 50], "43": [19.24, 50], "48": [19.816326530612244, 49], "53": [19.225, 40], "58": [19.238095238095237, 21], "63": [19.0, 3]}}