{"small-bg-n100-tau-15": {"3": [15.0, 94], "4": [1.0, 94], "5": [15.0, 94], "6": [1.0, 94], "7": [15.0, 94], "8": [1.0212765957446808, 94], "9": [15.0, 94], "10": [1.4148936170212767, 94], "11": [15.0, 94], "12": [3.734042553191489, 94], "13": [15.0, 94], "14": [5.180851063829787, 94], "15": [15.0, 94], "16": [5.4787234042553195, 94], "17": [15.0, 94], "18": [5.085106382978723, 94], "19": [15.0, 94], "20": [5.968085106382978, 94], "21": [15.0, 94], "22": [14.946808510638299, 94], "23": [14.76595744680851, 94], "24": [13.457446808510639, 94], "25": [11.638297872340425, 94], "26": [12.680851063829786, 94], "27": [10.936170212765957, 94], "28": [11.53191489361702, 94], "29": [10.46808510638298, 94], "30": [14.585106382978724, 94], "31": [8.26595744680851, 94], "32": [13.319148936170214, 94], "33": [6.776595744680851, 94], "34": [12.180851063829786, 94], "35": [7.829787234042553, 94], "36": [8.73404255319149, 94], "37": [8.881720430107526, 93], "38": [10.129032258064516, 93], "39": [11.043010752688172, 93], "40": [10.516129032258064, 93], "41": [12.913978494623656, 93], "42": [13.096774193548388, 93], "43": [11.817204301075268, 93], "44": [11.086021505376344, 93], "45": [13.279569892473118, 93], "46": [14.766666666666667, 90], "47": [14.662921348314606, 89], "48": [12.872093023255815, 86], "49": [14.134146341463415, 82], "50": [13.214285714285714, 70], "51": [13.732142857142858, 56], "52": [12.957446808510639, 47], "53": [14.512820512820513, 39], "60": [15.0, 7], "54": [13.35, 20], "55": [14.625, 8], "56": [12.0, 2], "57": [15.0, 2], "58": [12.0, 1], "59": [15.0, 1], "61": [10.0, 1], "62": [13.0, 1]}}