{"small-bg-n93-tau-15": {"3": [15.0, 100], "8": [1.0, 100], "13": [15.0, 100], "18": [14.96, 100], "23": [15.0, 100], "28": [15.0, 100], "33": [15.0, 100], "38": [14.88, 100], "43": [14.81, 100], "48": [14.95, 100], "53": [14.968421052631578, 95], "58": [14.912280701754385, 57], "63": [15.0, 16]}}