{"small-bg-n72-tau-15": {"3": [14.99, 100], "5": [15.0, 100], "7": [15.0, 100], "9": [15.0, 100], "11": [15.0, 100], "13": [15.0, 100], "15": [15.0, 100], "17": [15.0, 100], "19": [15.0, 100], "21": [14.65, 100], "23": [13.33, 100], "25": [11.26, 100], "27": [11.32, 100], "29": [10.14, 100], "31": [10.48, 100], "33": [9.55, 100], "35": [10.99, 100], "37": [9.606060606060606, 99], "39": [11.181818181818182, 99], "41": [12.0, 99], "43": [12.561224489795919, 98], "45": [12.237113402061855, 97], "47": [14.375, 96], "49": [13.602409638554217, 83], "51": [12.985507246376812, 69], "53": [13.727272727272727, 44], "55": [13.727272727272727, 22], "57": [14.0, 7], "59": [15.0, 2]}}