{"small-gauss-n72-tau-15": {"3": [14.9, 100], "5": [15.0, 100], "7": [15.0, 100], "9": [15.0, 100], "11": [15.0, 100], "13": [15.0, 100], "15": [15.0, 100], "17": [15.0, 100], "19": [14.99, 100], "21": [14.86, 100], "23": [13.64, 100], "25": [11.46, 100], "27": [11.7, 100], "29": [11.09, 100], "31": [10.55, 100], "33": [9.14, 100], "35": [10.47, 100], "37": [10.04, 100], "39": [10.92, 100], "41": [12.151515151515152, 99], "43": [12.24742268041237, 97], "45": [12.53763440860215, 93], "47": [14.2, 90], "49": [13.58108108108108, 74], "51": [13.654545454545454, 55], "53": [13.5, 38], "55": [13.80952380952381, 21], "57": [14.416666666666666, 12], "59": [11.666666666666666, 3], "61": [13.0, 2], "63": [14.0, 1], "65": [10.0, 1]}}