{"small-gauss-n72-tau-10": {"3": [10.0, 100], "5": [10.0, 100], "7": [10.0, 100], "9": [10.0, 100], "11": [10.0, 100], "13": [10.0, 100], "15": [10.0, 100], "17": [10.0, 100], "19": [10.0, 100], "21": [10.0, 100], "23": [9.96, 100], "25": [9.8, 100], "27": [9.46, 100], "29": [9.37, 100], "31": [8.85, 100], "33": [8.2, 100], "35": [8.91, 100], "37": [8.26, 100], "39": [9.173469387755102, 98], "41": [9.329896907216495, 97], "43": [9.739583333333334, 96], "45": [9.591397849462366, 93], "47": [10.0, 88], "49": [9.881578947368421, 76], "51": [9.909090909090908, 66], "53": [9.772727272727273, 44], "55": [9.964285714285714, 28], "57": [10.0, 17], "59": [9.777777777777779, 9], "61": [10.0, 1], "63": [10.0, 1]}}