{"small-bg-n93-tau-15": {"3": [15.0, 100], "6": [1.0, 100], "9": [15.0, 100], "12": [11.75, 100], "15": [15.0, 100], "18": [12.71, 100], "21": [15.0, 100], "24": [15.0, 100], "27": [15.0, 100], "30": [15.0, 100], "33": [9.27, 100], "36": [10.15, 100], "39": [12.32, 100], "42": [14.36, 100], "45": [14.12, 100], "48": [14.96938775510204, 98], "51": [14.808988764044944, 89], "54": [14.772727272727273, 66], "57": [14.921052631578947, 38], "60": [14.727272727272727, 11], "63": [15.0, 3]}}