{"small-bg-n72-tau-20": {"3": [19.8, 100], "8": [1.15, 100], "13": [20.0, 100], "18": [12.36, 100], "23": [20.0, 100], "28": [18.05, 100], "33": [17.06, 100], "38": [13.82, 100], "43": [16.571428571428573, 98], "48": [17.770833333333332, 96], "53": [17.45945945945946, 74], "58": [17.366666666666667, 30], "63": [19.4, 5]}}