{"small-bg-n100-tau-5": {"3": [5.0, 97], "4": [1.0, 97], "5": [5.0, 97], "6": [1.0, 97], "7": [5.0, 97], "8": [1.0, 97], "9": [5.0, 97], "10": [2.350515463917526, 97], "11": [5.0, 97], "12": [4.969072164948454, 97], "13": [5.0, 97], "14": [4.989690721649485, 97], "15": [5.0, 97], "16": [5.0, 97], "17": [5.0, 97], "18": [5.0, 97], "19": [5.0, 97], "20": [4.979381443298969, 97], "21": [5.0, 97], "22": [5.0, 97], "23": [5.0, 97], "24": [5.0, 97], "25": [5.0, 97], "26": [5.0, 97], "27": [5.0, 97], "28": [5.0, 97], "29": [5.0, 97], "30": [5.0, 97], "31": [5.0, 97], "32": [5.0, 97], "33": [5.0, 97], "34": [5.0, 97], "35": [5.0, 97], "36": [5.0, 97], "37": [5.0, 97], "38": [5.0, 97], "39": [5.0, 97], "40": [5.0, 97], "41": [5.0, 97], "42": [5.0, 97], "43": [5.0, 97], "44": [5.0, 97], "45": [5.0, 96], "46": [5.0, 95], "47": [5.0, 95], "48": [5.0, 94], "49": [5.0, 93], "50": [5.0, 91], "51": [5.0, 88], "52": [5.0, 78], "60": [5.0, 8], "53": [5.0, 69], "54": [5.0, 58], "55": [5.0, 45], "56": [5.0, 37], "57": [5.0, 24], "58": [5.0, 16], "59": [5.0, 10], "61": [5.0, 3], "62": [5.0, 1], "63": [5.0, 1], "64": [5.0, 1], "65": [5.0, 1]}, "small-bg-n100-tau-10": {"3": [10.0, 95], "4": [1.0, 95], "5": [10.0, 95], "6": [1.0, 95], "7": [10.0, 95], "8": [1.0105263157894737, 95], "9": [10.0, 95], "10": [1.8105263157894738, 95], "11": [10.0, 95], "12": [5.4526315789473685, 95], "13": [10.0, 95], "14": [7.578947368421052, 95], "15": [10.0, 95], "16": [7.8, 95], "17": [10.0, 95], "18": [6.589473684210526, 95], "19": [10.0, 95], "20": [6.684210526315789, 95], "21": [10.0, 95], "22": [10.0, 95], "23": [10.0, 95], "24": [10.0, 95], "25": [9.926315789473684, 95], "26": [9.852631578947369, 95], "27": [9.778947368421052, 95], "28": [9.189473684210526, 95], "29": [9.442105263157895, 95], "30": [9.978947368421053, 95], "31": [8.08421052631579, 95], "32": [9.526315789473685, 95], "33": [7.0, 95], "34": [9.421052631578947, 95], "35": [7.589473684210526, 95], "36": [8.094736842105263, 95], "37": [8.147368421052631, 95], "38": [8.705263157894738, 95], "39": [8.91578947368421, 95], "40": [8.631578947368421, 95], "41": [9.715789473684211, 95], "42": [9.627659574468085, 94], "43": [9.414893617021276, 94], "44": [8.893617021276595, 94], "45": [9.827956989247312, 93], "46": [10.0, 91], "47": [10.0, 89], "48": [9.69767441860465, 86], "49": [9.975903614457831, 83], "50": [9.802631578947368, 76], "51": [9.727272727272727, 66], "52": [9.68421052631579, 57], "53": [9.936170212765957, 47], "54": [9.647058823529411, 34], "60": [10.0, 5], "55": [10.0, 22], "56": [9.857142857142858, 14], "57": [10.0, 7], "58": [7.0, 1], "59": [10.0, 1]}, "small-bg-n100-tau-15": {"3": [15.0, 94], "4": [1.0, 94], "5": [15.0, 94], "6": [1.0, 94], "7": [15.0, 94], "8": [1.0212765957446808, 94], "9": [15.0, 94], "10": [1.4148936170212767, 94], "11": [15.0, 94], "12": [3.734042553191489, 94], "13": [15.0, 94], "14": [5.180851063829787, 94], "15": [15.0, 94], "16": [5.4787234042553195, 94], "17": [15.0, 94], "18": [5.085106382978723, 94], "19": [15.0, 94], "20": [5.968085106382978, 94], "21": [15.0, 94], "22": [14.946808510638299, 94], "23": [14.76595744680851, 94], "24": [13.457446808510639, 94], "25": [11.638297872340425, 94], "26": [12.680851063829786, 94], "27": [10.936170212765957, 94], "28": [11.53191489361702, 94], "29": [10.46808510638298, 94], "30": [14.585106382978724, 94], "31": [8.26595744680851, 94], "32": [13.319148936170214, 94], "33": [6.776595744680851, 94], "34": [12.180851063829786, 94], "35": [7.829787234042553, 94], "36": [8.73404255319149, 94], "37": [8.881720430107526, 93], "38": [10.129032258064516, 93], "39": [11.043010752688172, 93], "40": [10.516129032258064, 93], "41": [12.913978494623656, 93], "42": [13.096774193548388, 93], "43": [11.817204301075268, 93], "44": [11.086021505376344, 93], "45": [13.279569892473118, 93], "46": [14.766666666666667, 90], "47": [14.662921348314606, 89], "48": [12.872093023255815, 86], "49": [14.134146341463415, 82], "50": [13.214285714285714, 70], "51": [13.732142857142858, 56], "52": [12.957446808510639, 47], "53": [14.512820512820513, 39], "60": [15.0, 7], "54": [13.35, 20], "55": [14.625, 8], "56": [12.0, 2], "57": [15.0, 2], "58": [12.0, 1], "59": [15.0, 1], "61": [10.0, 1], "62": [13.0, 1]}, "small-bg-n100-tau-20": {"3": [20.0, 90], "4": [1.0, 90], "5": [20.0, 90], "6": [1.0, 90], "7": [20.0, 90], "8": [1.0, 90], "9": [20.0, 90], "10": [1.1888888888888889, 90], "11": [20.0, 90], "12": [3.1, 90], "13": [20.0, 90], "14": [3.922222222222222, 90], "15": [20.0, 90], "16": [4.2444444444444445, 90], "17": [20.0, 90], "18": [4.133333333333334, 90], "19": [20.0, 90], "20": [5.1, 90], "21": [19.91111111111111, 90], "22": [19.366666666666667, 90], "23": [16.644444444444446, 90], "24": [14.511111111111111, 90], "25": [10.733333333333333, 90], "26": [12.055555555555555, 90], "27": [11.088888888888889, 90], "28": [13.688888888888888, 90], "29": [9.651685393258427, 89], "30": [18.573033707865168, 89], "31": [8.640449438202246, 89], "32": [15.438202247191011, 89], "33": [7.044943820224719, 89], "34": [13.303370786516854, 89], "35": [7.719101123595506, 89], "36": [8.651685393258427, 89], "37": [8.955056179775282, 89], "38": [10.123595505617978, 89], "39": [12.47191011235955, 89], "40": [12.772727272727273, 88], "41": [14.840909090909092, 88], "42": [14.170454545454545, 88], "43": [13.329545454545455, 88], "44": [11.431818181818182, 88], "45": [15.431818181818182, 88], "46": [17.45977011494253, 87], "47": [17.674698795180724, 83], "48": [13.907894736842104, 76], "49": [16.95774647887324, 71], "50": [15.016666666666667, 60], "51": [15.645833333333334, 48], "52": [13.783783783783784, 37], "53": [16.90909090909091, 33], "54": [15.409090909090908, 22], "55": [14.583333333333334, 12], "60": [20.0, 10], "56": [14.285714285714286, 7], "57": [17.6, 5], "58": [11.0, 1], "59": [13.0, 1]}}