{"small-gauss-n72-tau-10": {"3": [10.0, 100], "6": [1.04, 100], "9": [10.0, 100], "12": [8.56, 100], "15": [10.0, 100], "18": [9.07, 100], "21": [10.0, 100], "24": [10.0, 100], "27": [10.0, 100], "30": [10.0, 100], "33": [8.18, 100], "36": [9.04, 100], "39": [9.12, 100], "42": [9.808080808080808, 99], "45": [9.828282828282829, 99], "48": [10.0, 95], "51": [9.988505747126437, 87], "54": [9.964912280701755, 57], "57": [9.933333333333334, 30], "60": [10.0, 6]}}