{"small-bg-n93-tau-20": {"3": [19.92, 100], "8": [1.0, 100], "13": [20.0, 100], "18": [18.89, 100], "23": [20.0, 100], "28": [19.94, 100], "33": [19.77, 100], "38": [16.69, 100], "43": [18.97, 100], "48": [19.13, 100], "53": [18.886363636363637, 88], "58": [19.153846153846153, 52], "63": [19.25, 8]}}