{"small-bg-n100-tau-10": {"3": [10.0, 46], "8": [1.0217391304347827, 46], "13": [10.0, 46], "18": [10.0, 46], "23": [10.0, 46], "28": [10.0, 46], "33": [10.0, 46], "38": [10.0, 46], "43": [10.0, 46], "48": [10.0, 46], "53": [10.0, 41], "58": [10.0, 24], "60": [10.0, 4], "63": [10.0, 7]}, "small-bg-n100-tau-5": {"3": [5.0, 48], "8": [1.0, 48], "13": [5.0, 48], "18": [5.0, 48], "23": [5.0, 48], "28": [5.0, 48], "33": [5.0, 48], "38": [5.0, 48], "43": [5.0, 48], "48": [5.0, 48], "53": [5.0, 48], "58": [5.0, 39], "60": [5.0, 2], "63": [5.0, 22]}, "small-bg-n100-tau-15": {"3": [15.0, 47], "8": [1.0, 47], "13": [15.0, 47], "18": [15.0, 47], "23": [15.0, 47], "28": [15.0, 47], "33": [15.0, 47], "38": [14.893617021276595, 47], "43": [14.872340425531915, 47], "48": [15.0, 47], "53": [15.0, 45], "58": [15.0, 22], "60": [15.0, 3], "63": [15.0, 3]}, "small-bg-n100-tau-20": {"3": [20.0, 50], "8": [1.0, 50], "13": [20.0, 50], "18": [19.48, 50], "23": [20.0, 50], "28": [19.94, 50], "33": [20.0, 50], "38": [16.22, 50], "43": [19.24, 50], "48": [19.816326530612244, 49], "53": [19.225, 40], "58": [19.238095238095237, 21], "63": [19.0, 3]}}