{"small-bg-n93-tau-15": {"3": [14.98989898989899, 99], "8": [1.0101010101010102, 99], "13": [15.0, 99], "18": [15.0, 99], "23": [15.0, 99], "28": [15.0, 99], "33": [15.0, 99], "38": [14.303030303030303, 99], "43": [14.717171717171718, 99], "48": [14.97979797979798, 99], "53": [14.934065934065934, 91], "58": [14.821428571428571, 56], "60": [15.0, 1], "63": [14.4375, 16]}}