{"small-bg-n93-tau-10": {"3": [10.0, 100], "5": [10.0, 100], "7": [10.0, 100], "9": [10.0, 100], "11": [10.0, 100], "13": [10.0, 100], "15": [10.0, 100], "17": [10.0, 100], "19": [10.0, 100], "21": [10.0, 100], "23": [10.0, 100], "25": [10.0, 100], "27": [10.0, 100], "29": [9.98, 100], "31": [9.33, 100], "33": [8.32, 100], "35": [8.94, 100], "37": [8.79, 100], "39": [9.26, 100], "41": [9.85, 100], "43": [9.878787878787879, 99], "45": [9.878787878787879, 99], "47": [10.0, 99], "49": [10.0, 91], "51": [9.987654320987655, 81], "53": [10.0, 63], "55": [10.0, 50], "57": [10.0, 33], "59": [10.0, 16], "61": [10.0, 6], "63": [10.0, 5], "65": [10.0, 1]}}