{"small-gauss-n72-tau-10": {"3": [10.0, 100], "8": [1.03, 100], "13": [10.0, 100], "18": [9.99, 100], "23": [10.0, 100], "28": [10.0, 100], "33": [10.0, 100], "38": [9.94949494949495, 99], "43": [9.98989898989899, 99], "48": [10.0, 98], "53": [10.0, 85], "58": [9.980392156862745, 51], "63": [10.0, 18], "68": [10.0, 1]}}